Airline ID,Operator,ICAO,Country,Active,Date,Location,Type,Aboard,Fatalities
1,Private,,,Y,1970-10-04,"Mahaffey, Pennsylvania",Aero Commander 500-B,2.0,2.0
1,Private,,,Y,1971-05-28,"Roanoke, Virginia",Aero Commander 680E,6.0,6.0
1,Private,,,Y,1972-09-24,"Sacramento, California",F-86 Sabrejet,1.0,0.0
1,Private,,,Y,1972-10-16,Off the Alaska coast,Cessna 310C,4.0,4.0
1,Private,,,Y,1973-08-15,"Don Don, Haiti",Norman BN-2A-6,10.0,10.0
1,Private,,,Y,1975-11-29,"Hertfordshire, England",Piper PA-23-250 Aztec,6.0,6.0
1,Private,,,Y,1977-03-04,"Tezzeron Lake, British Columbia, Canada",Pipper PA-23-250 Aztec,5.0,5.0
1,Private,,,Y,1979-08-02,"Canton, Ohio",Cessna  501 Citation,3.0,1.0
1,Private,,,Y,1982-03-19,"Leesburg, Florida",Beechcraft Bonanza F35,3.0,3.0
1,Private,,,Y,1985-12-31,"De Kalb, Texas",Douglas DC-3,9.0,7.0
1,Private,,,Y,1989-08-13,"Janice, Mississippi",Cessna 177RG,2.0,2.0
1,Private,,,Y,1991-04-04,"Marion, Pennsylvania",Piper Aerostar 601 / Bell 412SP,5.0,5.0
1,Private,,,Y,1993-04-01,"Blountville, Tennesee",Fairchild SA227-TT,4.0,4.0
1,Private,,,Y,1993-04-19,"Zwingle, Iowa",Mitsubishi MU-2B-60,8.0,8.0
1,Private,,,Y,1993-07-12,"Talladega, Alabama","Helicopter, Hughes 369HS",2.0,1.0
1,Private,,,Y,1996-04-11,"Cheyenne, Wyoming",Cessna 177B,3.0,3.0
1,Private,,,Y,1997-08-10,"100 miles SW of Kuujjuaq, Quebec, Canada",Cessna 180K,2.0,2.0
1,Private,,,Y,1997-10-12,"Monterey Bay, near PacifiGrove, California",Rutan Long EZ (experimental aircraft),1.0,1.0
1,Private,,,Y,1998-11-21,"Edgewater, Maryland",Burgess RV-6 experimental,1.0,1.0
1,Private,,,Y,1999-07-16,"Off Martha's Vineyard, Massachusetts",Piper PA-32-R301 Saratoga II HP,3.0,3.0
1,Private,,,Y,1999-07-31,"Marine City, Michigan",Beech King Air 65-A90,10.0,10.0
1,Private,,,Y,2000-10-16,"Hillsboro, Missouri",Cessna 335,3.0,3.0
1,Private,,,Y,2002-04-24,"Near Olancho, Honduras",Cessna 206G,6.0,6.0
1,Private,,,Y,2002-04-28,"Near Abakan, Russia",Mi-8 helicopter,20.0,8.0
1,Private,,,Y,2002-07-04,"San Dimas, California",Cessna 310,2.0,2.0
22,Aloha Airlines,AAH,United States,Y,1988-04-28,"Maui, Hawaii",Boeing B-737-297,95.0,1.0
24,American Airlines,AAL,United States,Y,1976-04-27,"St. Thomas, Virgin Islands",Boeing B-727-95,88.0,37.0
24,American Airlines,AAL,United States,Y,1979-05-25,"Chicago O'Hare, Illinois",McDonnell Douglas DC-10-10,271.0,271.0
24,American Airlines,AAL,United States,Y,1979-11-15,"Near Chicago, Illinois",Boeing B-727,78.0,0.0
24,American Airlines,AAL,United States,Y,1985-04-16,"Las Cruces, New Mexico",Boeing B-727-227,89.0,0.0
24,American Airlines,AAL,United States,Y,1995-12-20,"Near Buga, Valle del Cauca, Colombia",Boeing B-757-223,164.0,160.0
24,American Airlines,AAL,United States,Y,1999-06-01,"Little Rock, Arkansas",McDonnell Douglas MD-82,145.0,11.0
24,American Airlines,AAL,United States,Y,2000-11-20,"Miami, Florida",Airbus A300-600R,114.0,1.0
24,American Airlines,AAL,United States,Y,2001-09-11,"Arlington, Virginia.",Boeing B-757-223,64.0,64.0
24,American Airlines,AAL,United States,Y,2001-09-11,"New York City, New York",Boeing 767-223ER,92.0,92.0
24,American Airlines,AAL,United States,Y,2001-11-12,"Belle Harbor, Queens, New York",Airbus A-300-605R,260.0,260.0
28,Asiana Airlines,AAR,Republic of Korea,Y,1993-07-26,"Haenam, South Korea",Boeing B-737-5L9,110.0,68.0
49,Airborne Express,ABX,United States,N,1990-01-29,"Burlington, Vermont",Cessna 208B Caravan I,2.0,2.0
49,Airborne Express,ABX,United States,N,1996-12-22,"Narrows, Virginia",McDonnell Douglas DC-8-63F,6.0,6.0
76,ADC Airlines,ADK,Nigeria,N,1997-07-29,"Calabar , Nigeria",BAC One-Eleven 203AE,55.0,1.0
76,ADC Airlines,ADK,Nigeria,N,2006-10-29,"Near Abuja, Nigeria",Boeing 737-2B7,105.0,96.0
83,Adria Airways,ADR,Slovenia,Y,1975-10-30,"Near Prague, Czechoslovakia",McDonnell Douglas DC-9-32,120.0,75.0
99,Air Express,AEJ,Tanzania,N,1975-05-10,"Off Cape Paterson, Australia",Bristol 170 Freighter 21E,2.0,2.0
99,Air Express,AEJ,Tanzania,N,1989-11-14,"Bardufoss, Norway",Cessna 551 Citation II,4.0,4.0
108,Air Express,AEQ,Sweden,N,1975-05-10,"Off Cape Paterson, Australia",Bristol 170 Freighter 21E,2.0,2.0
108,Air Express,AEQ,Sweden,N,1989-11-14,"Bardufoss, Norway",Cessna 551 Citation II,4.0,4.0
570,Air Express,AXD,Sudan,N,1975-05-10,"Off Cape Paterson, Australia",Bristol 170 Freighter 21E,2.0,2.0
570,Air Express,AXD,Sudan,N,1989-11-14,"Bardufoss, Norway",Cessna 551 Citation II,4.0,4.0
110,ACES Colombia,AES,Colombia,Y,1981-12-18,"Near Covenas, Colombia",de Havilland Canada DHC-6 Twin Otter 300,13.0,13.0
110,ACES Colombia,AES,Colombia,Y,1986-04-27,"Near Saravena, Colombia",de Havilland Canada DHC-6 Twin Otter 300,13.0,13.0
110,ACES Colombia,AES,Colombia,Y,1996-11-30,"Medellin, Colombia",de Havilland Canada DHC-6 Twin Otter 300,15.0,14.0
117,Aerial Transit Company,AEZ,United States,N,1990-05-05,"Guatamala City , Guatemala",Douglas DC-6BF,3.0,3.0
120,Alliance Airlines,UTY,Australia,Y,1998-07-30,"Kochi, India",Dornier 228-201,6.0,6.0
124,Airfast Indonesia,AFE,Indonesia,N,1981-04-28,"Pekanbaru, Indonesia",Douglas C-47A-5-DK,17.0,15.0
124,Airfast Indonesia,AFE,Indonesia,N,1984-08-15,"Near Wamena, Indonesia",Douglas C-47A,3.0,2.0
125,Ariana Afghan Airlines,AFG,Afghanistan,Y,1985-09-04,"Near Kandahar, Afghanistan",Antonov AN-26,52.0,52.0
125,Ariana Afghan Airlines,AFG,Afghanistan,Y,1989-06-18,"Zabol, Iran",Antonov AN-26,39.0,6.0
125,Ariana Afghan Airlines,AFG,Afghanistan,Y,1995-09-11,"Jalalabad, Afghanistan",Antonov AN-26B,51.0,3.0
125,Ariana Afghan Airlines,AFG,Afghanistan,Y,1997-10-29,"Jalal-Abad, Afghanistan",Yakovlev YAK-40,26.0,2.0
125,Ariana Afghan Airlines,AFG,Afghanistan,Y,1998-01-13,"Tor Kach, Pakistan",Antonov AN-12BP,51.0,51.0
125,Ariana Afghan Airlines,AFG,Afghanistan,Y,1998-03-19,"Near Charasyab, Afghanistan",Boeing B-727-228,45.0,45.0
130,Aeroflot,AFL,Russia,Y,1973-05-11,"Near Semipalatinsk, USSR",Ilyushin IL-18B,61.0,61.0
130,Aeroflot,AFL,Russia,Y,1975-11-17,"Near Sukhumi, Georgia, USSR",Antonov AN-24,38.0,38.0
130,Aeroflot,AFL,Russia,Y,1970-01-28,"Near Batagai, Russia",Antonov AN-24,34.0,34.0
130,Aeroflot,AFL,Russia,Y,1970-01-29,"Near Murmansk, Russia",Tupolev TU-124,11.0,11.0
130,Aeroflot,AFL,Russia,Y,1970-02-06,"Near Samarkand, USSR",Ilyushin IL-18V,92.0,92.0
130,Aeroflot,AFL,Russia,Y,1970-04-01,"Novosibirsk, Russia",Antonov AN-24V,45.0,45.0
130,Aeroflot,AFL,Russia,Y,1970-05-15,"Kishiniev, Moldavia, USSR",Antonov AN-10,11.0,11.0
130,Aeroflot,AFL,Russia,Y,1970-09-02,"Near Dnepropetrovsk, Ukraine, USSR",Tupolev TU-124,37.0,37.0
130,Aeroflot,AFL,Russia,Y,1970-09-03,"Near Leningrad, USSR",Yakovlev YAK-40,22.0,22.0
130,Aeroflot,AFL,Russia,Y,1970-10-01,"Mys-Kammenyj, Russia",Antonov An-12B,8.0,8.0
130,Aeroflot,AFL,Russia,Y,1970-12-19,"Panarah, Pakistan",Antonov AN-22,25.0,25.0
130,Aeroflot,AFL,Russia,Y,1970-12-31,"Leningrad, Russia",Ilyushin IL-18B,93.0,93.0
130,Aeroflot,AFL,Russia,Y,1971-01-22,"Surgut, USSR",Antonov AN-12,13.0,13.0
130,Aeroflot,AFL,Russia,Y,1971-01-31,"Voroshilovgrad, Russia",Antonov AN-10,7.0,7.0
130,Aeroflot,AFL,Russia,Y,1971-03-31,"Vorochilovgrad, Ukraine",Antonov An-10,64.0,64.0
130,Aeroflot,AFL,Russia,Y,1971-07-25,"Near Irkutsk, Russia",Tupolev TU-104B,126.0,97.0
130,Aeroflot,AFL,Russia,Y,1971-08-07,"Irkutsk, USSR",Tupolev TU-104,100.0,100.0
130,Aeroflot,AFL,Russia,Y,1971-10-13,"Moscow, Russia",Tupolev TU-104B,20.0,20.0
130,Aeroflot,AFL,Russia,Y,1971-11-12,"Vinnitsa, Russia",Antonov AN-24,47.0,47.0
130,Aeroflot,AFL,Russia,Y,1971-12-01,"Saratov, Russia",Antonov AN-24,57.0,57.0
130,Aeroflot,AFL,Russia,Y,1972-05-04,"Bratsk, USSR",Yakovlev YAK-40,18.0,18.0
130,Aeroflot,AFL,Russia,Y,1972-06-18,"Near Kharkov, Ukraine, USSR",Antonov AN-10A,122.0,122.0
130,Aeroflot,AFL,Russia,Y,1972-08-31,"Near Magnitogorsk, Russia",Ilyushin IL-18,101.0,101.0
130,Aeroflot,AFL,Russia,Y,1972-10-02,"Near Adler, Russia",Ilyushin IL-18B,109.0,109.0
130,Aeroflot,AFL,Russia,Y,1972-10-13,"Near Krasnaya Polyana, USSR",Ilyushin IL-62,174.0,174.0
130,Aeroflot,AFL,Russia,Y,1973-01-22,"Perm, Russia",Antonov An-24B,44.0,44.0
130,Aeroflot,AFL,Russia,Y,1973-02-19,"Prague, Czechoslovakia",Tupolev TU-154,100.0,66.0
130,Aeroflot,AFL,Russia,Y,1973-02-24,"Near Leningrad, Russia",Ilyushin IL-18,79.0,79.0
130,Aeroflot,AFL,Russia,Y,1973-02-28,"Semipalatinsk, Kazakhstan",Yakovlev YAK-40,32.0,32.0
130,Aeroflot,AFL,Russia,Y,1973-05-18,"Chita, Siberia, Russia",Tupolev TU-104A,100.0,100.0
130,Aeroflot,AFL,Russia,Y,1973-06-03,"Goussainville, France",Tupolev TU-144,6.0,6.0
130,Aeroflot,AFL,Russia,Y,1973-06-30,"Amman, Jordan",Tupolev TU-134A,84.0,5.0
130,Aeroflot,AFL,Russia,Y,1973-10-13,"Near  Domodedovo, Russia",Tupolev TU-104B,119.0,119.0
130,Aeroflot,AFL,Russia,Y,1973-08-18,"Baku, Azerbaijan, USSR",Antonov AN-24V,64.0,56.0
130,Aeroflot,AFL,Russia,Y,1973-09-30,"Near Sverdlovsk, Russia",Tupolev TU-104B,108.0,108.0
130,Aeroflot,AFL,Russia,Y,1973-10-02,"Magadan, Russia",Antonov AN-12V,10.0,10.0
130,Aeroflot,AFL,Russia,Y,1973-12-07,"Moscow, Russia",Tupolev TU-104B,72.0,13.0
130,Aeroflot,AFL,Russia,Y,1973-12-16,"Near Vilnius, Lithuania",Tupolev TU-124,51.0,51.0
130,Aeroflot,AFL,Russia,Y,1973-12-23,"Lvov, Ukraine, USSR",Tupolev TU-124,17.0,17.0
130,Aeroflot,AFL,Russia,Y,1974-01-06,"Mukachevo, Russia",Antonov AN-24V,24.0,24.0
130,Aeroflot,AFL,Russia,Y,1974-01-25,"Rostov, Russia",Antonov An-24B,4.0,4.0
130,Aeroflot,AFL,Russia,Y,1974-04-24,"Tashkent, Uzbekistan",Ilyushin IL-18E,115.0,1.0
130,Aeroflot,AFL,Russia,Y,1974-04-27,"Near Leningrad, Russia",Ilyushin IL-18B,118.0,118.0
130,Aeroflot,AFL,Russia,Y,1974-05-23,"Kiev, Ukraine, USSR",Yakovlev YAK-40,29.0,29.0
130,Aeroflot,AFL,Russia,Y,1974-12-14,"Bukhara, Uzbekistan",Yakovlev 40,7.0,7.0
130,Aeroflot,AFL,Russia,Y,1975-01-03,"Moscow, Russia",Tupolev TU-124,61.0,61.0
130,Aeroflot,AFL,Russia,Y,1975-01-16,"Sam Neva, Laos",Antonov AN-12,16.0,16.0
130,Aeroflot,AFL,Russia,Y,1975-07-15,"Near Batumi, Georgia, USSR",Yakovlev YAK-40,41.0,41.0
130,Aeroflot,AFL,Russia,Y,1975-08-15,"Krasnovodsk, USSR",Yakovlev YAK-40,28.0,28.0
130,Aeroflot,AFL,Russia,Y,1975-11-20,"Kharkov, Ukraine, USSR",Antonov AN-24,19.0,19.0
130,Aeroflot,AFL,Russia,Y,1975-11-22,Near Novgorod (Russia,Yakovlev 40,6.0,6.0
130,Aeroflot,AFL,Russia,Y,1976-01-03,"Moscow, Russia",Tupolev TU-124,61.0,61.0
130,Aeroflot,AFL,Russia,Y,1976-01-30,"Frunze, Kyrgyzstan",Ilyushin IL-18V,6.0,6.0
130,Aeroflot,AFL,Russia,Y,1976-02-09,"Irkutsk, Russia",Tupolev TU-104A,24.0,24.0
130,Aeroflot,AFL,Russia,Y,1976-03-06,"Near Voronezh, Russia",Ilyushin IL-18D,120.0,120.0
130,Aeroflot,AFL,Russia,Y,1976-05-15,"Chernigov, Ukraine, USSR",Antonov AN-24,52.0,52.0
130,Aeroflot,AFL,Russia,Y,1976-06-01,"Nacias Nguema, Equatorial Guinea",Tupolev TU-154A,46.0,46.0
130,Aeroflot,AFL,Russia,Y,1976-11-28,"Moscow, Russia",Tupolev TU-104B,72.0,72.0
130,Aeroflot,AFL,Russia,Y,1976-12-17,"Kiev, USSR",Antonov AN-24RV,55.0,48.0
130,Aeroflot,AFL,Russia,Y,1977-01-13,"Near Alma Ata,  Kazakastan, USSR",Tupolev TU-104A,96.0,96.0
130,Aeroflot,AFL,Russia,Y,1977-02-15,"Mineralnye Vody, Russia",Ilyushin IL-18V,77.0,77.0
130,Aeroflot,AFL,Russia,Y,1977-03-30,"Near Zhadanof, Russia",Yakovlev YAK-40,27.0,8.0
130,Aeroflot,AFL,Russia,Y,1977-05-27,"Havana, Cuba",Ilyushin IL-62M,70.0,68.0
130,Aeroflot,AFL,Russia,Y,1977-07-08,"Off Kirovograd, Ukraine",Antonov AN-24,7.0,6.0
130,Aeroflot,AFL,Russia,Y,1977-12-09,"Tarko-Saley, USSR",Antonov AN-24,23.0,17.0
130,Aeroflot,AFL,Russia,Y,1978-05-19,"Pochinok, Russia",Tupolev TU-154B,134.0,4.0
130,Aeroflot,AFL,Russia,Y,1978-10-07,"Sverdlovsk, Russia",Yakovlev YAK-40,38.0,38.0
130,Aeroflot,AFL,Russia,Y,1978-10-23,"Gulf of Sivash, USSR",Antonov AN-24B,26.0,26.0
130,Aeroflot,AFL,Russia,Y,1979-01-15,"Minsk, Russia",Antonov AN-24N,13.0,13.0
130,Aeroflot,AFL,Russia,Y,1979-01-18,"Near Belgorod, Russia",Let 410M,3.0,3.0
130,Aeroflot,AFL,Russia,Y,1979-03-17,"Near Moscow, Russia",Tupolev TU-104B,106.0,86.0
130,Aeroflot,AFL,Russia,Y,1979-03-20,"Chardzhow, Russia",Yakovlev YAK-40,29.0,29.0
130,Aeroflot,AFL,Russia,Y,1979-03-22,"Liepaya, Latvia",Tupolev 134A,5.0,4.0
130,Aeroflot,AFL,Russia,Y,1979-04-25,"Baykity, Russia",Antonov AN-26,4.0,4.0
130,Aeroflot,AFL,Russia,Y,1979-08-03,"Leningrad, USSR",LET 410M turbojet,14.0,14.0
130,Aeroflot,AFL,Russia,Y,1979-08-23,"Near Enisseysk, USSR",Antonov AN-12,16.0,11.0
130,Aeroflot,AFL,Russia,Y,1979-08-29,"Near Kirsanov, Russia",Tupolev TU-124,63.0,63.0
130,Aeroflot,AFL,Russia,Y,1979-09-03,"Andema, Russia",Antonov AN-24,43.0,40.0
130,Aeroflot,AFL,Russia,Y,1979-11-16,"Vologda, Russia",Yakovlev YAK-40,5.0,3.0
130,Aeroflot,AFL,Russia,Y,1979-12-09,"Cherskiy, Russia",Antonov AN-26,7.0,7.0
130,Aeroflot,AFL,Russia,Y,1980-06-12,"Near Dushanbe, Russia",Yakovlev YAK-40,29.0,29.0
130,Aeroflot,AFL,Russia,Y,1980-07-07,"Nar Alma-Ata, Kasakastan, USSR",Tupolev TU-154B,166.0,166.0
130,Aeroflot,AFL,Russia,Y,1981-06-13,"Ust-Barguzin, Russia",Ilyushin Il-14,52.0,52.0
130,Aeroflot,AFL,Russia,Y,1981-08-29,"Zeya, Russia",Yakovlev YAK-40,34.0,3.0
130,Aeroflot,AFL,Russia,Y,1981-11-16,"Norilsk, Russia",Tupolev TU-154B-2,167.0,99.0
130,Aeroflot,AFL,Russia,Y,1982-01-07,"Near Gelendzhik, USSR",LET  410M Turbojet,18.0,18.0
130,Aeroflot,AFL,Russia,Y,1982-06-28,"Southern Belarus, USSR",Yakovlev YAK-42,132.0,132.0
130,Aeroflot,AFL,Russia,Y,1982-07-06,"Near Moscow, Russia",Ilyushin IL-62M,90.0,90.0
130,Aeroflot,AFL,Russia,Y,1982-09-29,"Luxembourg, Luxembourg",Ilyushin IL-62M,77.0,7.0
130,Aeroflot,AFL,Russia,Y,1982-12-23,"Rostov-on-Don, Russia",Antonov AN-26,16.0,16.0
130,Aeroflot,AFL,Russia,Y,1983-04-19,"Leninakan, Russia",Yakovlev YAK-40,21.0,21.0
130,Aeroflot,AFL,Russia,Y,1983-08-30,"Near Alma-Ata, Kazakastan, USSR",Tupolev TU-134A,90.0,90.0
130,Aeroflot,AFL,Russia,Y,1987-01-16,"Tashkent, Uzbekistan",Yakovlev YAK-40,9.0,9.0
130,Aeroflot,AFL,Russia,Y,1983-12-24,"Leshukonskoye, Russia",Antonov AN-24,49.0,44.0
130,Aeroflot,AFL,Russia,Y,1984-01-28,"Izhevsk, Russia",Antonov An-24RV,47.0,4.0
130,Aeroflot,AFL,Russia,Y,1984-08-05,"Nawabshah, Pakistan",Antonov AN-12BP,24.0,24.0
130,Aeroflot,AFL,Russia,Y,1984-10-11,"Near Omsk, Russia",Tupolev TU-154B,179.0,174.0
130,Aeroflot,AFL,Russia,Y,1984-12-04,"Near Kostroma, USSR",LET 410 M,10.0,10.0
130,Aeroflot,AFL,Russia,Y,1984-12-23,"Near Kranoyarsk, Russia",Tupolev TU-154B-2,110.0,110.0
130,Aeroflot,AFL,Russia,Y,1985-02-01,"Minsk, Belarus, USSR",Tupolev TU-134A,80.0,58.0
130,Aeroflot,AFL,Russia,Y,1985-07-10,"Near Uchuduk, Uzbekistan, USSR",Tupolev TU-154B-2,200.0,200.0
130,Aeroflot,AFL,Russia,Y,1985-10-11,"Near Kutayissi, USSR",Yakovlev YAK-40,14.0,14.0
130,Aeroflot,AFL,Russia,Y,1986-03-02,"Near Bugulma, Russia",Antonov AN-24B,38.0,38.0
130,Aeroflot,AFL,Russia,Y,1986-05-17,"Hanty-Mansijsk, Soviet Union",Yakovlev Yak-40,5.0,5.0
130,Aeroflot,AFL,Russia,Y,1986-06-22,"Penza,  Russia",Tupolev TU-134A,59.0,1.0
130,Aeroflot,AFL,Russia,Y,1986-07-02,"Near Syktyvar, Russia",Tupolev TU-134A,94.0,54.0
130,Aeroflot,AFL,Russia,Y,1986-10-14,"Ust-Maya, USSR",LET 410MT Turbojet,14.0,14.0
130,Aeroflot,AFL,Russia,Y,1986-10-20,"Kuybyshev, Russia",Tupolev TU-134A,92.0,70.0
130,Aeroflot,AFL,Russia,Y,1986-12-12,"Berlin, East Germany",Tupolev TU-134A,82.0,70.0
130,Aeroflot,AFL,Russia,Y,1987-03-06,"Near Almaty, Kazakhstan",Antonov An-26,9.0,9.0
130,Aeroflot,AFL,Russia,Y,1988-10-04,"Near Batagay, Russia",Antonov 12BP,6.0,6.0
130,Aeroflot,AFL,Russia,Y,1987-06-19,"Berdiansk, USSR",Yakovlev YAK-40,29.0,8.0
130,Aeroflot,AFL,Russia,Y,1987-09-13,"Kunduz, Afghanistan",Antonov AN-26,15.0,15.0
130,Aeroflot,AFL,Russia,Y,1988-01-18,"Krosnovodsk, USSR",Tupolev TU 154B-2,143.0,11.0
130,Aeroflot,AFL,Russia,Y,1988-01-24,"Near Nizhnevartovsk, Russia",Yakovlev YAK-40,31.0,27.0
130,Aeroflot,AFL,Russia,Y,1988-02-27,"Surgut, Russia",Tupolev TU-134A,51.0,20.0
130,Aeroflot,AFL,Russia,Y,1988-04-19,"Bagdarin, USSR",Let 410UVP Turolet,17.0,17.0
130,Aeroflot,AFL,Russia,Y,1988-08-26,"Irkutsk, Russia",Let 410MU,4.0,4.0
130,Aeroflot,AFL,Russia,Y,1988-12-07,"Kodinsk, Russia",Let 410UVP,14.0,6.0
130,Aeroflot,AFL,Russia,Y,1989-07-19,"Talourow Island, USSR",Antonov AN-26,10.0,10.0
130,Aeroflot,AFL,Russia,Y,1989-10-20,"Leninakan, Russia",Ilyushin IL-76TD,25.0,25.0
130,Aeroflot,AFL,Russia,Y,1989-11-21,"Near Tyumem, Russia",Antonov AN-24,42.0,34.0
130,Aeroflot,AFL,Russia,Y,1990-01-13,"Near Pervouralsk, Russia",Tupolev TU-134A,71.0,27.0
130,Aeroflot,AFL,Russia,Y,1990-03-27,"Kabul, Afghanistan",Ilyushin IL-76MD,11.0,11.0
130,Aeroflot,AFL,Russia,Y,1990-08-01,"Stepanakert, Azerbaijan, USSR",Yakovlev YAK-40,47.0,47.0
130,Aeroflot,AFL,Russia,Y,1990-09-14,"Koltsovo, Russia",Yakovlev YAK-42,129.0,4.0
130,Aeroflot,AFL,Russia,Y,1990-11-19,"Near Ashkhabad, Turkmenistan, USSR",Mil Mi-8T,15.0,15.0
130,Aeroflot,AFL,Russia,Y,1991-05-23,"Leningrad, USSR",Tupolev TU-154B-1,181.0,13.0
130,Aeroflot,AFL,Russia,Y,1991-06-26,"Gulf of Finland, Russia",Antonov AN-24,10.0,10.0
130,Aeroflot,AFL,Russia,Y,1991-09-16,"Petropavlosk, USSR",Antonov AN-72,13.0,13.0
130,Aeroflot,AFL,Russia,Y,1991-09-23,"Khatanga, Russia",Antonov 12BP,16.0,1.0
130,Aeroflot,AFL,Russia,Y,1991-09-26,"Off St. Petersburg, USSR",Antonov AN-26,10.0,10.0
130,Aeroflot,AFL,Russia,Y,1991-11-07,"Makhackala, Russia",Yakovlev YAK-40,51.0,51.0
130,Aeroflot,AFL,Russia,Y,1991-11-16,"Anderma, Russia",Antonov AN-12V,20.0,20.0
130,Aeroflot,AFL,Russia,Y,1992-03-22,"Near Yakutia, Russia",Antonov AN-30,10.0,10.0
130,Aeroflot,AFL,Russia,Y,1992-08-27,"Near Ivanovo, Russia",Tupolev TU-134A,84.0,84.0
130,Aeroflot,AFL,Russia,Y,1992-10-29,"Chita, Russia",Antonov AN-8,14.0,13.0
130,Aeroflot,AFL,Russia,Y,1995-03-16,"Ossora, Russia",Antonov 26B,10.0,9.0
130,Aeroflot,AFL,Russia,Y,1995-06-16,"Herputchi, Russia",Antonov AN-2,14.0,13.0
130,Aeroflot,AFL,Russia,Y,1996-10-08,"San Francesco al Campo, Italy",Antonov An-124,23.0,2.0
130,Aeroflot,AFL,Russia,Y,2008-09-14,"Perm, Russia",Boeing B-737-505,88.0,88.0
137,Air France,AFR,France,Y,1976-06-27,"Entebbe, Uganda",Airbus A300,258.0,7.0
137,Air France,AFR,France,Y,1976-08-28,"Ho Chi Minh City, Vietnam",Sud Aviation SE 210 Caravelle III,20.0,1.0
137,Air France,AFR,France,Y,1988-06-26,"Habsheim, France",Airbus A320-111,136.0,3.0
137,Air France,AFR,France,Y,1994-12-26,"Algiers Airport, Algeria",Airbus A300B2-1C,239.0,3.0
137,Air France,AFR,France,Y,1998-04-20,"Near Bogota, Colombia",Boeing B-727-230,53.0,53.0
137,Air France,AFR,France,Y,2000-07-25,"Gonesse, France",Aerospatiale BAe Concorde 101,109.0,109.0
137,Air France,AFR,France,Y,2005-08-02,"Toronto, Canada",Airbus A-340,309.0,0.0
137,Air France,AFR,France,Y,2009-06-01,"AtlantiOcean, 570 miles northeast of Natal, Brazil",Airbus A330-203,228.0,228.0
142,Air Gabon,AGN,Gabon,N,1979-02-26,"Near Moanda, Gabon",Douglas DC-6B,3.0,3.0
149,Air Cargo Carriers,SNC,United States,Y,2006-02-05,"Near Watertown, Wisconson",Shorts 360-100 /Shorts 360-300,3.0,3.0
168,Angola Air Charter,AGO,Angola,N,1988-07-21,"Near Lagos, Nigeria",Boeing 707-328C,6.0,6.0
169,Angola Air Charter,AGO,Angola,N,1988-07-21,"Near Lagos, Nigeria",Boeing 707-328C,6.0,6.0
176,Aviogenex,AGX,Serbia,Y,1971-05-23,"Near Rijeka, Yugoslavia",Tupolev TU-134A,83.0,78.0
196,Aeromist-Kharkiv,AHW,Ukraine,N,2002-12-23,"Near Isfanan, Iran",Antonov AN-140,44.0,44.0
197,Azerbaijan Airlines,AHY,Azerbaijan,Y,1995-11-30,"Baku, Azerbaijan",Boeing 707-323C,6.0,2.0
197,Azerbaijan Airlines,AHY,Azerbaijan,Y,1997-04-15,"Gyandzha, Azerbaijan",Yakovlev 40,6.0,6.0
197,Azerbaijan Airlines,AHY,Azerbaijan,Y,2005-12-23,"Nardaran, Azerbaijan",Antonov AN-140-100,23.0,23.0
199,Airbus Industrie,AIB,France,N,1994-06-30,"Toulouse-Blagnac, France",Airbus A330-321,7.0,7.0
205,Alpine Air Express,AIP,United States,N,2004-08-17,"Great Falls, Montana",Beechcraft 99,2.0,2.0
217,Air Illinois,AIL,United States,N,1983-10-11,"Pinckneyville, Illinois",Hawker Siddeley HS-748-FAA,10.0,10.0
218,Air India Limited,AIC,India,Y,1978-01-01,"Off Bandra, Maharashtra, India",Boeing B-747-237B,213.0,213.0
218,Air India Limited,AIC,India,Y,1982-06-22,"Bombay, India",Boeing B-707-437,111.0,17.0
218,Air India Limited,AIC,India,Y,1985-06-23,"AtlantiOcean, 110 miles West of Ireland",Boeing B-747-237B,329.0,329.0
234,Aero Jet Express,AJE,Mexico,N,1999-07-09,"Toluca , Mexico",Hawker Siddeley HS-125,4.0,4.0
236,Ameristar Jet Charter,AJI,United States,N,2001-08-24,"Ithaca, New York",Learjet 25,2.0,2.0
236,Ameristar Jet Charter,AJI,United States,N,2003-09-19,"Del Rio, Texas",Learjet 25B,2.0,1.0
236,Ameristar Jet Charter,AJI,United States,N,2007-01-10,"Zapotlanejo, Mexico",Learjet 24F,2.0,2.0
245,Aeroejecutivos Colombia,AJS,Colombia,N,1987-10-11,"El Poleo, Colombia",de Havilland Canada DHC-6 Twin Otter 310,9.0,2.0
277,Air Logistics,ALG,United States,N,1977-10-10,"Grand Chenier, Louisiana",Bell 206B,2.0,2.0
277,Air Logistics,ALG,United States,N,1978-04-04,"Off Galveston, Texas",Bell 212,6.0,3.0
277,Air Logistics,ALG,United States,N,1980-08-06,"Houma, Louisiana",Bell 205A-1 helicopter,13.0,13.0
282,Air Wisconsin,AWI,United States,Y,1980-06-12,"Valley, Nebraska",Swearingen 226TC Metro II,15.0,13.0
295,Air Sunshine,RSI,United States,Y,2003-07-13,"Off Treasure Cay, Bahamas",Cessna 402C,10.0,2.0
298,Ameriflight,AMF,United States,N,1994-11-16,"Avenal, California",Beechcraft C99,1.0,1.0
298,Ameriflight,AMF,United States,N,1999-02-12,"Near Bishop, California",Beechcraft C99,1.0,1.0
298,Ameriflight,AMF,United States,N,2003-11-29,"Spokane, Washington",Swearingen SA227AT Merlin IVC,1.0,1.0
298,Ameriflight,AMF,United States,N,2006-03-18,"Butte, Montana",Beechcraft C99,2.0,2.0
306,Air Malawi,AML,Malawi,Y,1987-11-06,"Ulongue, Malawi",Shorts SC-7 Skyvan 3-100,10.0,10.0
324,All Nippon Airways,ANA,Japan,Y,1999-07-23,"Tokyo, Japan",Boeing B-747,517.0,1.0
330,Air Canada,ACA,Canada,Y,1970-07-05,"Toronto, Canada",McDonnell Douglas DC-8-63,109.0,109.0
330,Air Canada,ACA,Canada,Y,1978-06-26,"Toronto, Canada",McDonnell Douglas DC-9-32,107.0,2.0
330,Air Canada,ACA,Canada,Y,1983-06-02,"Cincinnati International Airport, Covington/Hebron, Kentucky",McDonnell Douglas DC-9-32,46.0,23.0
330,Air Canada,ACA,Canada,Y,1983-07-23,"Gimli, Manitoba, Canada",Boeing B-767-233ER,69.0,0.0
345,Air New Zealand,ANZ,New Zealand,Y,1979-02-17,"Manakau Harbor, New Zealand",Fokker F-27 Friendship 500,4.0,2.0
345,Air New Zealand,ANZ,New Zealand,Y,1979-11-28,"Near Mt. Erebus, Ross Ice Shelf, Antarctica",McDonnell Douglas DC-10-30,257.0,257.0
349,AVCOM,AOC,Russia,N,1996-02-16,"El Zapotal, Guatemala",de Havilland Canada DHC-6 Twin Otter 300,2.0,2.0
351,Air One Executive,AOE,Italy,N,2009-02-07,"Trigoria, Italy",Cessna 650 Citation III,2.0,2.0
397,Arrow Air,APW,United States,Y,1985-12-12,"Gander, Newfoundland, Canada",McDonnell Douglas DC-8 Super 63PF,256.0,256.0
410,Aerocondor,ARD,Portugal,Y,1975-02-22,"Medellin, Colombia",Canadair CL-44,5.0,5.0
412,Aerolineas Argentinas,ARG,Argentina,Y,1970-02-04,"Near Corrientes, Argentina",Hawker Siddeley HS-748 1,37.0,37.0
412,Aerolineas Argentinas,ARG,Argentina,Y,1992-02-20,En route from Argentina  to  California,Boeing B-747,,1.0
439,Alaska Airlines,ASA,United States,Y,1971-09-04,"Near Juneau, Alaska",Boeing B-727-193,111.0,111.0
439,Alaska Airlines,ASA,United States,Y,1976-04-05,"Ketchikan, Alaska",Boeing B-727-81,50.0,1.0
439,Alaska Airlines,ASA,United States,Y,2000-01-31,"Off Point Mugu, California",McDonnell Douglas MD-83,88.0,88.0
442,Air Sinai,ASD,Egypt,Y,1973-01-29,"Near Kyrenia, Cyprus",Ilyushin IL-18D,37.0,37.0
447,Air Satellite,ASJ,Canada,N,1998-12-07,"Baie-Comeau, Canada",Britten-Norman Trislander,10.0,7.0
515,Avianca,AVA,Colombia,Y,1973-08-22,"El Yopal, Colombia",Douglas DC-3,17.0,16.0
515,Avianca,AVA,Colombia,Y,1974-08-12,"Cali, Colombia",Douglas C-47-DL,27.0,27.0
515,Avianca,AVA,Colombia,Y,1975-09-30,"Barranquilla, Colombia",Boeing 727-24C,4.0,4.0
515,Avianca,AVA,Colombia,Y,1983-11-27,"Madrid-Barajas, Spain",Boeing B-747-283B,192.0,181.0
515,Avianca,AVA,Colombia,Y,1988-03-17,"Near Cucuta, N of  Santander, Colombia",Boeing B-727-21,143.0,143.0
515,Avianca,AVA,Colombia,Y,1989-11-27,"Bogota, Colombia",Boeing B-727-21,107.0,107.0
515,Avianca,AVA,Colombia,Y,1990-01-25,"Cove Neck, New York",Boeing B-707-321B,158.0,73.0
551,Air Moorea,TAH,France,Y,2007-08-09,"Off Moorea, French Polynesia",de Havilland Canada DHC-6 Twin Otter 300,20.0,20.0
555,Airwork,AWK,New Zealand,N,2005-05-02,"Taranaki, New Zealand",Swearingen SA227AC Metro III,2.0,2.0
562,Air West,AWT,Canada,N,2005-02-03,"Near Khartoum, Sudan",Ilyushin 76TD,7.0,7.0
564,Airwave Transport,AWV,AIRWAVE,N,2000-07-19,"Linneus, Maine",Grumman G-159 Gulfstream I,2.0,2.0
596,Alitalia,AZA,Italy,Y,1972-05-05,"Near Carini, Sicily, Italy",McDonnell Douglas DC-8-43,115.0,115.0
596,Alitalia,AZA,Italy,Y,1978-12-23,"Near Cinisi, Sicily, Italy",McDonnell Douglas DC-9-32,129.0,108.0
596,Alitalia,AZA,Italy,Y,1990-11-14,"Stadelberg, Switzerland",McDonnell Douglas DC-9-32,46.0,46.0
607,Azov Avia Airlines,AZV,Ukraine,N,2004-03-04,,Ilyushin II-76,7.0,3.0
610,Air Memphis,MHS,Egypt,N,1998-03-10,"Mombasa, Kenya",Boeing 707-336C,6.0,6.0
611,Air Memphis,MHU,Uganda,N,1998-03-10,"Mombasa, Kenya",Boeing 707-336C,6.0,6.0
641,Rossiya-Russian Airlines,SDM,Russia,Y,2006-08-22,"Near Donetsk, Ukraine",Tupolev Tu-154M,170.0,170.0
650,Aviateca,GUG,Guatemala,N,1971-05-11,"Guatemala City, Guatemala",Curtiss C-46A-55-CK,35.0,5.0
650,Aviateca,GUG,Guatemala,N,1975-11-18,"Caoba, Guatemala",Douglas DC-3,22.0,15.0
650,Aviateca,GUG,Guatemala,N,1977-04-27,"Guatemala City, Guatemala",Convair CV-440,28.0,28.0
650,Aviateca,GUG,Guatemala,N,1995-08-09,"Mt. Chichontepec, San Vincente, El Salvador",Boeing B-737-2H6,65.0,65.0
672,Aero Air,WIL,United States,N,1995-08-02,"Johannesburg, South Africa",Antonov An-2R,3.0,3.0
673,Aero Ejecutivos,VEJ,Venezuela,N,1992-09-18,"Off Curacao, Netherlands Antilles",Douglas C-118A,3.0,3.0
682,Air Ivoire,VUN,Ivory Coast,Y,1971-07-24,"Near Bamako, Mali",Douglas DC-3,6.0,6.0
692,Air Tahiti,VTA,French Polynesia,Y,1991-04-19,"Off Nuka Hiva, French Polynesia",Dornier Do-228-212,22.0,11.0
719,Avirex,VXG,Gabon,N,2000-05-17,"Moanda, Gabon",Beechcraft 1900C-1,10.0,3.0
732,Avensa,AVE,Venezuela,N,1983-03-11,Barquisimeto Venezuela,McDonnell Douglas DC-9-32,50.0,23.0
732,Avensa,AVE,Venezuela,N,1985-05-28,"Cabimas, Venezuela",Convair CV-580,13.0,2.0
751,Air China,CCA,China,Y,2002-04-15,"Busan, South Korea",Boeing B-767-200ER,166.0,128.0
779,Air Central,CRF,Japan,N,1972-06-18,"Smiley, Texas",Cessna 182N,5.0,5.0
791,Air Transport,CYO,United States,N,2005-03-23,"Off Mwanza, Tanzania",Ilyushin IL-76TD,8.0,8.0
827,Air Transport,EAT,Slovakia,N,2005-03-23,"Off Mwanza, Tanzania",Ilyushin IL-76TD,8.0,8.0
794,Air Algerie,DAH,Algeria,Y,1979-01-24,"Bechar, Algeria",Nord 262A-44,23.0,14.0
794,Air Algerie,DAH,Algeria,Y,2003-03-06,"Tamanrasset, Algeria",Boeing B-737-2T4,103.0,102.0
794,Air Algerie,DAH,Algeria,Y,2006-08-13,"Near Piacenza, Italy",Lockheed L-100-30 Hercules,3.0,3.0
800,Adam Air,DHI,Indonesia,Y,2007-01-01,"Off Parepare, Indonesia",Boeing B-737-4Q8,102.0,102.0
866,Air Fiji,FAJ,Fiji,N,1999-07-24,"Nasevou Village, Fiji",Embraer 110P1 Bandeirante,17.0,17.0
869,Air Carriers,FCI,United States,N,2001-12-01,"Bessemer, Alabama",Cessna 208B Grand Caravan,2.0,2.0
882,Air Florida,FLZ,United States,Y,1982-01-13,"Washington, D.C.",Boeing B-737-222,79.0,74.0
897,Air Philippines,GAP,Philippines,Y,2000-04-19,"Samal Island, Philippines",Boeing B-737-2H4,131.0,131.0
905,Air Georgian,GGN,Canada,N,1997-03-04,"Lake Simcoe, Ontario, Canada",Cessna 208B Super Cargomaster,1.0,1.0
935,Air Taxi,HAT,France,N,1973-02-22,"Londonderry, Vermont",Cessna 310J,2.0,2.0
935,Air Taxi,HAT,France,N,1973-05-11,"Greenville, Maine",Cessna 402B,4.0,4.0
935,Air Taxi,HAT,France,N,1975-10-26,"Zephyr Cove, Nevada",Piper PA-34,2.0,2.0
935,Air Taxi,HAT,France,N,1978-04-23,"Arlington, Indiana",Piper PA-31,9.0,9.0
935,Air Taxi,HAT,France,N,1978-08-25,"Raton, New Mexico",Mitsubishi MU-2J,6.0,6.0
935,Air Taxi,HAT,France,N,1978-09-09,"Savoy, Illinois",Piper PA-31,6.0,6.0
935,Air Taxi,HAT,France,N,1981-07-23,"Kansas City, Kansas",Beechcraft 58TC,4.0,4.0
935,Air Taxi,HAT,France,N,1982-01-07,"Helena, Montana",Cessna 210,2.0,2.0
935,Air Taxi,HAT,France,N,1982-04-11,"Near Tanana, Alaska",Hughes 369D,3.0,3.0
935,Air Taxi,HAT,France,N,1982-04-28,"Hakalau, Hawaii",Beechcraft E18S,2.0,2.0
935,Air Taxi,HAT,France,N,1982-07-14,"Oxbow, Oregon",Cessna 172F,4.0,4.0
935,Air Taxi,HAT,France,N,1982-07-24,"Near Sitka, Alaska",Cessna A185F,4.0,4.0
935,Air Taxi,HAT,France,N,1982-08-04,"Concord, New Hampshire",Piper PA-28-161,2.0,2.0
935,Air Taxi,HAT,France,N,1982-09-17,"Near Nondalton, Alaksa",Robertson C-U206F,5.0,4.0
935,Air Taxi,HAT,France,N,1982-09-21,"Near Kotzbue, Alaska",Cessna U206G,6.0,4.0
935,Air Taxi,HAT,France,N,1982-10-20,AtlantiOcean,Piper PA-31,8.0,8.0
935,Air Taxi,HAT,France,N,1982-11-23,"Cullman, Alabama",Beechcraft 95-B55,2.0,2.0
935,Air Taxi,HAT,France,N,1983-02-23,"Brooksville, Florida",Piper PA-32-301,2.0,2.0
935,Air Taxi,HAT,France,N,1983-03-24,"Jeffersonville, Georgia",Mitsubishi MU-2B-60,4.0,4.0
935,Air Taxi,HAT,France,N,1983-09-23,"Flagstaff, Arizona",Cessna TU206C,2.0,2.0
935,Air Taxi,HAT,France,N,1983-11-26,"Midland, Texas",Beechcraft B-100,8.0,8.0
935,Air Taxi,HAT,France,N,1984-03-05,"Cumberland, Maryland",Piper PA-31,3.0,3.0
935,Air Taxi,HAT,France,N,1984-07-21,"Ouzinkie, Alaska",Grumman G-21A,4.0,4.0
935,Air Taxi,HAT,France,N,1984-07-25,"Anchorage, Alaska",Cessna 401,5.0,5.0
935,Air Taxi,HAT,France,N,1985-01-20,"Carson, New Mexico",Bell 206 L-1,3.0,3.0
935,Air Taxi,HAT,France,N,1985-05-16,"Golovin, Alaska",Cessna C-207A,5.0,2.0
935,Air Taxi,HAT,France,N,1985-06-28,"Charlotte, North Carolina",Piper PA-42,2.0,2.0
935,Air Taxi,HAT,France,N,1985-11-16,"Quinhagaki, Alaska",Piper PA-32-300,7.0,4.0
935,Air Taxi,HAT,France,N,1986-01-21,"Ellendale, Minnesota",Bell 296B,3.0,3.0
935,Air Taxi,HAT,France,N,1986-07-26,"Yosemite Nation, California",Piper PA-32-260,6.0,3.0
935,Air Taxi,HAT,France,N,1986-08-21,"Frenchglen, Oregon",Cessna T207A,6.0,6.0
935,Air Taxi,HAT,France,N,1987-04-01,"Anchorage, Alaska",Cessna 402,2.0,2.0
935,Air Taxi,HAT,France,N,1987-05-13,"Sayre, Pennsylvania",Piper PA-32-300,3.0,2.0
935,Air Taxi,HAT,France,N,1987-09-21,"Hailey, Idaho",Cessna T210L,3.0,3.0
935,Air Taxi,HAT,France,N,1987-12-22,"Chadron, Nebraska",Cessna 402C,3.0,2.0
935,Air Taxi,HAT,France,N,1989-08-21,"Gold Beach, Oregon",Beechcraft C90,3.0,3.0
935,Air Taxi,HAT,France,N,1997-07-05,"Skwentna, Alaska",de Havilland DHC-2,5.0,4.0
935,Air Taxi,HAT,France,N,2000-08-15,"Lumber City, Georgia",Piper PA-31-350,3.0,3.0
935,Air Taxi,HAT,France,N,2001-07-30,"Haines, Alaska",Piper PA-32-300,6.0,6.0
935,Air Taxi,HAT,France,N,2002-04-01,"Near Cairns, QLD, Australia",Shrike Commander 500S,4.0,4.0
935,Air Taxi,HAT,France,N,2004-03-18,"Hamilton Island, QLD, Australia",Piper PA-32-300,6.0,6.0
943,Air Tahoma,HMA,United States,N,2008-09-01,"Columbus, Ohio",Convair CV-580,3.0,3.0
972,Airlink,JAR,Austria,N,1999-02-03,"Hoskins, Papua New Guinea",Britten Norman BN-2A Trislander,11.0,11.0
972,Airlink,JAR,Austria,N,1999-06-17,"Goroka, Papua New Guinea",Embraer 110P2 Bandeirante,17.0,17.0
1035,Airlink,LNK,South Africa,N,1999-02-03,"Hoskins, Papua New Guinea",Britten Norman BN-2A Trislander,11.0,11.0
1035,Airlink,LNK,South Africa,N,1999-06-17,"Goroka, Papua New Guinea",Embraer 110P2 Bandeirante,17.0,17.0
1052,Air Luxor,LXR,Portugal,Y,1998-02-04,"Terceira, Portugal",Antonov 12BP,7.0,7.0
1066,Air Madagascar,MDG,Madagascar,Y,1981-07-24,Madagascar,de Havilland Canada DHC-6 Twin Otter 300,19.0,19.0
1075,Air Mali,MLI,Mali,N,1983-06-21,"Niela, Mali",de Havilland Canada DHC-6 Twin Otter 300,7.0,7.0
1075,Air Mali,MLI,Mali,N,1985-02-22,"Timbuktu, Mali",Antonov AN-24V,51.0,50.0
1093,Air Mauritanie,MRT,Mauritania,N,1994-07-01,"Near Tidjika, Mauritania",Fokker F-28 Fellowship 4000,93.0,80.0
1132,Air Ontario,ONT,Canada,N,1989-03-10,"Dryden, Ontario, Canada",Fokker F-28 Fellowship 1000,69.0,24.0
1168,Alada,RAD,Angola,N,1998-08-11,"Saurimo, Angola",Antonov An-12BP,13.0,1.0
1200,Asian Spirit,RIT,Philippines,Y,1999-12-07,"Near Bayombang, Philippines",Let 410UVP,17.0,17.0
1202,Air Afrique,RKA,Ivory Coast,Y,1987-07-24,"Geneva, Switzerland",McDonnell Douglas DC-10-30,163.0,1.0
1216,Armavia,RNV,Armenia,Y,2006-05-03,"Off Sochi, Russia",Airbus A320-211,113.0,113.0
1232,Aeronorte,RTE,Portugal,Y,1973-09-30,"Miritituba, Brazil",Douglas DC-3A,9.0,9.0
1255,Aero Sudpacifico,SDP,Mexico,N,1992-12-09,"Uruapan, Mexico",Britten-Norman BN-2B-27 Islander,9.0,9.0
1295,Air Cargo Express,TDG,United States,N,2001-12-10,"Sierra Blanca, Texas",Learjet 24D,2.0,2.0
1310,Aero Tropical,TPB,Angola,N,1996-02-27,"Near Lukapa, Angola",Antonov 12BP,8.0,8.0
1355,British Airways,BAW,United Kingdom,Y,1971-10-02,"Near Aarsele, West Vlaanderen, Belgium",Vickers Vanguard 951,63.0,63.0
1355,British Airways,BAW,United Kingdom,Y,1972-06-18,"London Heathrow,  Staines, Surrey, England",Hawker Siddeley Trident 1C,118.0,118.0
1355,British Airways,BAW,United Kingdom,Y,1973-01-19,"Near Glasgow, England",Vickers 802 Viscount,4.0,4.0
1355,British Airways,BAW,United Kingdom,Y,1982-06-24,"Mount Galunggung, Indonesia",Boeing B-747,257.0,0.0
1355,British Airways,BAW,United Kingdom,Y,1990-06-10,"Oxfordshire, England",BAC One-Eleven 528FL,85.0,0.0
1355,British Airways,BAW,United Kingdom,Y,2008-01-17,"London, England",Boeing 777-236ER,152.0,0.0
1572,British Airways,XMS,United Kingdom,N,1971-10-02,"Near Aarsele, West Vlaanderen, Belgium",Vickers Vanguard 951,63.0,63.0
1572,British Airways,XMS,United Kingdom,N,1972-06-18,"London Heathrow,  Staines, Surrey, England",Hawker Siddeley Trident 1C,118.0,118.0
1572,British Airways,XMS,United Kingdom,N,1973-01-19,"Near Glasgow, England",Vickers 802 Viscount,4.0,4.0
1572,British Airways,XMS,United Kingdom,N,1982-06-24,"Mount Galunggung, Indonesia",Boeing B-747,257.0,0.0
1572,British Airways,XMS,United Kingdom,N,1990-06-10,"Oxfordshire, England",BAC One-Eleven 528FL,85.0,0.0
1572,British Airways,XMS,United Kingdom,N,2008-01-17,"London, England",Boeing 777-236ER,152.0,0.0
1363,Blue Bird Aviation,BBZ,Kenya,N,2004-05-23,"Mwingi, Kenya",Let 410UVP,2.0,2.0
1424,Blue Bird Aviation,BLB,Sudan,N,2004-05-23,"Mwingi, Kenya",Let 410UVP,2.0,2.0
1377,Bar Harbor Airlines,AJC,United States,N,1985-08-25,"Auburn, Maine",Beechcraft 99,8.0,8.0
1398,Bristow Helicopters,BHL,United Kingdom,N,1981-12-16,"Kuala Belait, Brunei",Aerospatiale Puma,,12.0
1398,Bristow Helicopters,BHL,United Kingdom,N,1995-04-23,"Lagos, Nigeria",de Havilland Canada DHC-6 Twin Otter 300,9.0,1.0
1398,Bristow Helicopters,BHL,United Kingdom,N,2002-07-16,"Off Cromer, Norfork, England",Sikorsky S-76A,11.0,11.0
1406,Balkan Bulgarian Airlines,,,Y,1971-01-18,"Zurich, Switzerland",Ilyushin IL-18,47.0,45.0
1406,Balkan Bulgarian Airlines,,,Y,1971-12-21,"Sofia, Bulgaria",Ilyushin IL-18B,73.0,28.0
1406,Balkan Bulgarian Airlines,,,Y,1972-11-04,"Near Plovdiv, Bulgaria",Ilyushin IL-14P,35.0,35.0
1406,Balkan Bulgarian Airlines,,,Y,1973-03-03,"Moscow, Russia",Ilyushin IL-18V,25.0,25.0
1406,Balkan Bulgarian Airlines,,,Y,1975-11-22,"Sofia, Bulgaria",Antonov AN-24B,48.0,3.0
1406,Balkan Bulgarian Airlines,,,Y,1977-12-02,"Near Al Bayda, Lebanon",Tupolev TU-154B,165.0,59.0
1406,Balkan Bulgarian Airlines,,,Y,1978-03-16,"Vrastsa, Bulgaria",Tupolev TU-134,73.0,73.0
1406,Balkan Bulgarian Airlines,,,Y,1984-01-10,"Sofia, Bulgaria",Tupolev TU-134A,50.0,50.0
1406,Balkan Bulgarian Airlines,,,Y,1988-08-02,"Sofia, Bulgaria",Yakovlev YAK-40,37.0,28.0
1411,British International Helicopters,BIH,United Kingdom,Y,1986-11-06,"Off Sumburgh Head, Shetlands, Scotland",Boeing-Vertol Chinook,47.0,45.0
1419,Bankair,BKA,United States,N,2000-04-05,"Marianna, Florida",Learjet 35A,3.0,3.0
1422,Bangkok Airways,BKP,Thailand,Y,1990-11-21,"Koh Samui, Thailand",de Havilland Canada DHC-8-103,38.0,38.0
1433,Bali International Air Service,BLN,Indonesia,N,1976-11-04,"Banjarmasin, Indonesia",Fokker F-27 Friendship 100,38.0,29.0
1433,Bali International Air Service,BLN,Indonesia,N,1983-07-26,"Near Ambone, Indonesia",Cessna 404 Titan,11.0,7.0
1433,Bali International Air Service,BLN,Indonesia,N,1983-08-05,"Off Bula, Indonesia",Britten-Norman BN-2A-21 Islander,2.0,2.0
1433,Bali International Air Service,BLN,Indonesia,N,1991-10-25,"Tumbang Miri, Indonesia",Britten-Norman BN2A-III-2 Trislander,17.0,17.0
1436,Bellview Airlines,BLV,Nigeria,Y,2005-10-22,"Lisa, Nigeria",Boeing B-737-2L9,117.0,117.0
1509,Bellview Airlines,BVU,,N,2005-10-22,"Lisa, Nigeria",Boeing B-737-2L9,117.0,117.0
1448,Bond Offshore Helicopters,BND,United Kingdom,N,2009-04-01,"Off Crimond, Scotland",Eurocopter AS 332L2 Super Puma 2,16.0,16.0
1462,Bouraq Indonesia Airlines,BOU,Indonesia,N,1980-08-26,"Near Jakarta, Indonesia",Vickers Viscount 812,37.0,37.0
1462,Bouraq Indonesia Airlines,BOU,Indonesia,N,1993-01-09,"Surabaya, Indonesia",Hawker Siddeley HS-748-234,44.0,17.0
1511,Blue Wing Airlines,BWI,Suriname,N,2008-04-03,"Lawa, Suriname",Antonov An-28,19.0,19.0
1523,Brit Air,BZH,France,Y,2003-06-22,"Near Brest, France",Canadair CRJ-100ER,24.0,1.0
1611,Cameroon Airlines,UYC,Cameroon,N,1981-10-31,"Bafoussam, Cameroon",de Havilland Canada DHC-6 Twin Otter 300,24.0,1.0
1611,Cameroon Airlines,UYC,Cameroon,N,1984-08-30,"Douala, Cameroon",Boeing B-737-2H7C,116.0,2.0
1611,Cameroon Airlines,UYC,Cameroon,N,1989-06-28,"Yaounde,  Cameroon",Hawker Siddeley HS-748-435 Srs. 2,47.0,3.0
1611,Cameroon Airlines,UYC,Cameroon,N,1995-12-03,"Near Douala, Cameroon",Boeing B-737-2K9,78.0,72.0
1614,Canada Jet Charters,PIL,Canada,N,1995-01-11,"Masset, British Columbia, Canada",Learjet 35,5.0,5.0
1634,Capital Airlines,CPD,Kenya,N,1970-11-27,"Anchorage, Alaska",McDonnell Douglas DC-8-63CF,229.0,47.0
1656,Cargolux,CLX,Luxembourg,N,1970-12-02,"Dhaka, Bangladesh",Canadair CL-44J,4.0,4.0
1676,Castle Aviation,CSJ,United States,N,2007-12-05,"Columbus, Ohio",Cessna 208B Caravan I Super Cargomaster,2.0,2.0
1680,Cathay Pacific,CPA,Hong Kong SAR of China,Y,1972-06-15,"Near Pleiku, Vietnam",Convair CV-880-22M-21,81.0,81.0
1696,Central Airlines,CTL,United States,N,1983-03-30,"Newark, New Jersey",Learjet 25,2.0,2.0
1721,Chalk's Ocean Airways,CHK,United States,N,2005-12-19,"Off Miami Beach, Florida",Grumman G73T Turbo Mallard,20.0,20.0
1756,China Airlines,CAL,Taiwan,Y,1970-08-12,"Taipei, Taiwan",NAMC YS-11A-219,31.0,14.0
1756,China Airlines,CAL,Taiwan,Y,1971-11-21,"Near Penghu Island, Taiwan",Sud Aviation SE-210 Caravelle III,25.0,25.0
1756,China Airlines,CAL,Taiwan,Y,1979-09-11,"Off Taipei, Taiwan",Boeing 707-324C,6.0,6.0
1756,China Airlines,CAL,Taiwan,Y,1980-02-27,"Manila, Philippines",Boeing B-707-309C,135.0,2.0
1756,China Airlines,CAL,Taiwan,Y,1985-02-19,"300 nm NW of San Francisco, California",Boeing B-747-SP-09,274.0,0.0
1756,China Airlines,CAL,Taiwan,Y,1986-02-16,"Off Makung, Taiwan",Boeing B-737-281,13.0,13.0
1756,China Airlines,CAL,Taiwan,Y,1989-10-26,"Hualein, China",Boeing B-737-209,54.0,54.0
1756,China Airlines,CAL,Taiwan,Y,1991-12-29,"Wanli, Taiwan",Boeing B-747-2R7F,5.0,5.0
1756,China Airlines,CAL,Taiwan,Y,1994-04-26,"Near Komaki, Aichi, Japan",Airbus A300B4-622R,271.0,264.0
1756,China Airlines,CAL,Taiwan,Y,1998-02-16,"Taipei, Taiwan",Airbus A300-622R,196.0,196.0
1756,China Airlines,CAL,Taiwan,Y,1999-08-22,"Hong Kong, China",McDonnell Douglas MD-11,315.0,3.0
1756,China Airlines,CAL,Taiwan,Y,2002-05-25,"Off Penghu Island, Taiwan",Boeing B-747-209B,225.0,225.0
1758,China Eastern Airlines,CES,China,Y,1989-08-15,,Antonov AN-24RV,40.0,34.0
1758,China Eastern Airlines,CES,China,Y,1993-04-06,"950 nm S of  Shemya, Alaska",McDonnell Douglas MD-11,264.0,2.0
1758,China Eastern Airlines,CES,China,Y,1993-10-26,"Fuzhou, China",McDonnell Douglas MD-82,80.0,2.0
1758,China Eastern Airlines,CES,China,Y,2004-11-21,"Baotou, Inner Mongolia, China",Bambardier CRJ200,53.0,53.0
1761,China General Aviation Corporation,CTH,China,N,1992-07-31,"Nanjing, Jiangsu, China",Yakovlev YAK-42D,126.0,108.0
1763,China Northern Airlines,CBF,China,N,1993-11-13,"Urumqi, China",McDonnell Douglas MD-82,102.0,12.0
1763,China Northern Airlines,CBF,China,N,2002-05-07,"Off Dalian, China",McDonnell Douglas MD-82,112.0,112.0
1764,China Northwest Airlines,CNW,China,N,1993-07-23,"Yinchuan, China",British Aerospace 146-300,113.0,55.0
1764,China Northwest Airlines,CNW,China,N,1994-06-06,"Near Xi'an, China",Tupolev TU-154M,160.0,160.0
1767,China Southern Airlines,CSN,China,Y,1992-11-24,"Near Liutang, Guangxi, China",Boeing B-737-3Y0,141.0,141.0
1767,China Southern Airlines,CSN,China,Y,1997-05-08,"Huangtian, China",Boeing B-737-31B,74.0,35.0
1768,China Southwest Airlines,CXN,China,N,1988-01-18,"Near Chungking, Sichuan, China",Ilyushin IL-18D,108.0,108.0
1768,China Southwest Airlines,CXN,China,N,1999-02-24,"Rui'an, China",Tupolev TU-154,61.0,61.0
1828,Comair,COM,United States,Y,1979-10-08,"Covington, Kentucky",Piper PA-31,8.0,8.0
1828,Comair,COM,United States,Y,1997-01-09,"Near Monroe, Michigan",Embraer 120RT Brasilia,29.0,29.0
1828,Comair,COM,United States,Y,2006-08-27,"Lexington, Kentucky",Canadair CRJ-200ER,50.0,49.0
1829,Comair,CAW,South Africa,Y,1979-10-08,"Covington, Kentucky",Piper PA-31,8.0,8.0
1829,Comair,CAW,South Africa,Y,1997-01-09,"Near Monroe, Michigan",Embraer 120RT Brasilia,29.0,29.0
1829,Comair,CAW,South Africa,Y,2006-08-27,"Lexington, Kentucky",Canadair CRJ-200ER,50.0,49.0
1868,Condor Flugdienst,CFG,Germany,Y,1988-01-02,"Izmir, Turkey",Boeing B-737-230A,16.0,16.0
1881,Continental Airlines,COA,United States,Y,1975-08-07,"Denver, Colorado",Boeing B-727-224,131.0,0.0
1881,Continental Airlines,COA,United States,Y,1978-03-01,"LAX, Los Angeles, California",McDonnell Douglas DC-10-10,200.0,2.0
1881,Continental Airlines,COA,United States,Y,1987-11-15,"Denver, Colorado",McDonnell Douglas DC-9-14,82.0,28.0
1881,Continental Airlines,COA,United States,Y,1994-03-02,"New York, New York",McDonnell Douglas MD-82,116.0,0.0
1883,Continental Express,,United States,Y,1991-09-11,"Near Eagle Lake, Texas",Embraer 120RT Brasilia,14.0,14.0
1886,Conviasa,VCV,Venezuela,Y,2008-08-30,"Near Toacaso, Ecuador",Boeing B-737-291,3.0,3.0
1892,Copterline,AAQ,Finland,Y,2005-08-10,"Off Talinn, Estonia",Sikorsky S-76C,14.0,14.0
1900,Corporate Air,CPT,United States,N,1998-03-07,"Bismark, North Dakota",Cessna 208B Caravan I Super Cargomaster,1.0,1.0
1901,Corporate Air,CPR,United States,N,1998-03-07,"Bismark, North Dakota",Cessna 208B Caravan I Super Cargomaster,1.0,1.0
1911,Cougar Helicopters,CHI,Canada,N,2009-03-12,"Off St. Johns, Newfoundland",Sikorsky S-92A,18.0,17.0
1917,Coval Air,CVL,Canada,N,1984-07-01,"Port Hardy, British Columbia, Canada",Beechcraft 18,9.0,9.0
2009,Delta Air Lines,DAL,United States,Y,1972-05-30,"Dallas/Ft. Worth, Texas",McDonnell Douglas DC-9-14,4.0,4.0
2009,Delta Air Lines,DAL,United States,Y,1973-07-31,"Logan Airport, Boston, Massachusett",McDonnell Douglas DC-9-31,89.0,89.0
2009,Delta Air Lines,DAL,United States,Y,1974-02-22,"Baltimore, Maryland",MDonnell Dougals DC-9,15.0,1.0
2009,Delta Air Lines,DAL,United States,Y,1985-08-02,"Ft. Worth-Dallas, Texas",Lockheed L-1011-1 TriStar,163.0,134.0
2009,Delta Air Lines,DAL,United States,Y,1988-08-31,"Dallas, Texas",Boeing B-727-232 Adv,108.0,14.0
2009,Delta Air Lines,DAL,United States,Y,1996-07-06,"Pensacola, Florida",McDonnell Douglas MD-88,142.0,2.0
2017,Deraya Air Taxi,DRY,Indonesia,N,1991-10-08,"Katapang, Indonesia",Cessna 402A,9.0,1.0
2035,Dirgantara Air Service,DIR,Indonesia,N,2008-01-26,"Near Malinau, Indonesia",CASA NC-212-200,3.0,3.0
2041,Djibouti Airlines,DJB,Djibouti,Y,2002-03-17,"Off Djibouti, Republiof Djibouti",Let 410UVP-E,4.0,4.0
2041,Djibouti Airlines,DJB,Djibouti,Y,2007-07-23,"Near Shinile, Ethiopia",Antonov AN-26V,9.0,1.0
2047,Dominicana de Aviaci,DOA,Dominican Republic,Y,1970-02-15,"Off Santo Domingo, Dominican Republic",McDonnell Douglas DC-9-32,102.0,102.0
2093,Eagle Air,EGR,Sierra Leone,N,1990-07-12,"Off Union Island, Grenadines Islands",Britten-Norman BN-2A-8 Islander,2.0,2.0
2093,Eagle Air,EGR,Sierra Leone,N,2001-12-14,"Geti, DemocratiRepubliCongo",Let 410A,6.0,6.0
2093,Eagle Air,EGR,Sierra Leone,N,2001-12-20,"Zurich, Switzerland",Cessna 560 Citation V,2.0,2.0
2094,Eagle Air,,Uganda,Y,1990-07-12,"Off Union Island, Grenadines Islands",Britten-Norman BN-2A-8 Islander,2.0,2.0
2094,Eagle Air,,Uganda,Y,2001-12-14,"Geti, DemocratiRepubliCongo",Let 410A,6.0,6.0
2094,Eagle Air,,Uganda,Y,2001-12-20,"Zurich, Switzerland",Cessna 560 Citation V,2.0,2.0
2097,Eagle Aviation,EGU,Uganda,N,1991-12-27,"Massai Marra, Kenya",Piper PA-31-350 Navajo,5.0,5.0
2097,Eagle Aviation,EGU,Uganda,N,2002-11-28,"Masai Mara Game Reserve, Kenya",Let 410UVP-E20,20.0,1.0
2098,Eagle Aviation,GYP,United Kingdom,N,1991-12-27,"Massai Marra, Kenya",Piper PA-31-350 Navajo,5.0,5.0
2098,Eagle Aviation,GYP,United Kingdom,N,2002-11-28,"Masai Mara Game Reserve, Kenya",Let 410UVP-E20,20.0,1.0
2109,East Coast Jets,ECJ,United States,N,2008-07-31,"Owatonna, Minnesota",British Aerospace BAe-125-800A,8.0,8.0
2140,Edinburgh Air Charter,EDC,United Kingdom,N,1999-09-03,"Glasgow, Scotland",Cessna 404 Titan Ambassador,11.0,8.0
2143,Egyptair,MSR,Egypt,Y,1972-03-19,"Shamsam Mountains, South Yemen",McDonnell Douglas DC-9-32,22.0,22.0
2143,Egyptair,MSR,Egypt,Y,1972-12-05,"Beni Sueif, Egypt",Boeing 707-336C,6.0,6.0
2143,Egyptair,MSR,Egypt,Y,1974-10-10,"Cairo, Egypt",Tupolev Tu-154,6.0,6.0
2143,Egyptair,MSR,Egypt,Y,1976-12-25,"Near Bangkok, Thailand",Boeing B-707-366C,53.0,53.0
2143,Egyptair,MSR,Egypt,Y,1985-11-24,"Luqa, Malta",Boeing B-737-266,103.0,60.0
2143,Egyptair,MSR,Egypt,Y,1986-06-10,"Near Cairo, Egypt",Fokker F-27 Friendship 500,26.0,23.0
2143,Egyptair,MSR,Egypt,Y,1987-09-21,"Luxor, Egypt",Airbus A.300B4-203,5.0,5.0
2143,Egyptair,MSR,Egypt,Y,1999-10-31,"Off Nantucket Island, Massachusetts",Boeing B-767-366ER,217.0,217.0
2143,Egyptair,MSR,Egypt,Y,2002-05-07,"Near Tunis, Tunisia",Boeing B-737-566,62.0,14.0
2186,Empire Airlines,CFS,United States,N,1995-01-11,"Flagstaff, Arizona",Cessna 208B Caravan I Super Cargomaster,1.0,1.0
2186,Empire Airlines,CFS,United States,N,2000-10-09,"Lummi Island, Washington",Cessna 208B Caravan I Super Cargomaster,1.0,1.0
2199,Enimex,ENI,Estonia,N,2003-02-10,"Tallinn, Estonia",Antonov AN-28,3.0,2.0
2220,Ethiopian Airlines,ETH,Ethiopia,Y,1972-09-10,"Gondar, Ethiopia",Douglas DC-3,11.0,11.0
2220,Ethiopian Airlines,ETH,Ethiopia,Y,1974-11-20,"Soddu, Ethiopia",Douglas DC-3,24.0,2.0
2220,Ethiopian Airlines,ETH,Ethiopia,Y,1975-09-11,"Near Bahar Dar, Ethiopia",Douglas C-47-DL,9.0,1.0
2220,Ethiopian Airlines,ETH,Ethiopia,Y,1977-07-20,"Jima, Ethiopia",Douglas DC-3,5.0,5.0
2220,Ethiopian Airlines,ETH,Ethiopia,Y,1977-11-19,"Rome, Italy",Boeing 707-360C,5.0,5.0
2220,Ethiopian Airlines,ETH,Ethiopia,Y,1979-02-19,"Barentu, Ethiopia",Douglas DC-3,5.0,5.0
2220,Ethiopian Airlines,ETH,Ethiopia,Y,1988-09-15,"Bahar Dar, Ethiopia",Boeing B-737-230,104.0,35.0
2220,Ethiopian Airlines,ETH,Ethiopia,Y,1991-09-17,,Lockheed L-100-30 Hercules,4.0,4.0
2220,Ethiopian Airlines,ETH,Ethiopia,Y,1996-11-23,"Off Moroni, Comoros",Boeing B-767-200ER,175.0,127.0
2232,Euroair,EUP,Greece,N,1984-11-19,"Inverness, England",Embraer 110P1 Bandeirante,1.0,1.0
2261,Evergreen International Airlines,EIA,United States,Y,1989-03-18,"Carswell AFB, Texas",McDonnell Douglas DC-9-33RC,2.0,2.0
2277,Executive Airlines,EXK,United States,N,2000-05-21,"Near Wilkes-Barre, Pennsylvania",BAe Jetstream 3101-31,19.0,19.0
2278,Executive Airlines,EXU,Spain,N,2000-05-21,"Near Wilkes-Barre, Pennsylvania",BAe Jetstream 3101-31,19.0,19.0
2324,Far Eastern Air Transport,EFA,Taiwan,Y,1975-07-31,"Taipei, Taiwan",Vickers 837 Viscount,76.0,28.0
2324,Far Eastern Air Transport,EFA,Taiwan,Y,1981-08-22,"Near Sanyi, Miao-li, Taiwan",Boeing B-737-222,110.0,110.0
2324,Far Eastern Air Transport,EFA,Taiwan,Y,1982-11-17,Off Taiwan,Bell 212,15.0,15.0
2326,Farnair Hungary,FAH,Hungary,N,2005-01-27,"Lasi, Hungary",Let 410UVP-E4,2.0,2.0
2338,Federal Airlines,FLL,Sweden,N,1996-05-03,"Near Haj Yousif, Sudan",Antonov AN-24,53.0,53.0
2342,Federal Express,FDX,United States,N,1990-01-17,"Near Leadville, Colorado",Cessna 208A Caravan I Cargomaster,1.0,1.0
2342,Federal Express,FDX,United States,N,1990-02-27,"Denver, Colorado",Cessna 208A Caravan I Cargomaster,1.0,1.0
2354,First Air,FAB,Canada,Y,1996-08-12,"Markham Bay, Canada",de Havilland Canada DHC-6 Twin Otter 300,2.0,2.0
2369,Flash Airlines,FSH,Egypt,N,2004-01-03,"Off Sharm el Sheikh, Egypt",Boeing B-737-3Q8,148.0,148.0
2395,Flightline,FLT,United Kingdom,Y,2001-10-10,"Off Valencia, Spain",Swearingen SA-226AT Merlin IV,10.0,10.0
2439,Formosa Airlines,FOS,Taiwan,Y,1989-06-27,"Kaohsiung, Taiwan",Cessna 404 Titan Courier II,13.0,12.0
2439,Formosa Airlines,FOS,Taiwan,Y,1993-02-28,"Off Green Island, Taiwan",Dornier 228-201,6.0,6.0
2439,Formosa Airlines,FOS,Taiwan,Y,1996-04-05,"Off Matsu Island, Taiwan",Dornier 228-212,17.0,6.0
2439,Formosa Airlines,FOS,Taiwan,Y,1997-08-10,"Matsu Island, Taiwan",Dornier DO-228-212,16.0,16.0
2439,Formosa Airlines,FOS,Taiwan,Y,1998-03-18,"Off Hsinchu, Taiwan",Saab340B,13.0,13.0
2444,Foster Aviation,FSA,United States,N,1975-05-12,"Savoonga, Alaska",Piper PA-23-250,6.0,6.0
2470,Frontier Flying Service,FTA,United States,Y,1990-09-03,"Kaltag, Alaska",Piper PA-31-325 Navajo,10.0,3.0
2495,GP Express Airlines,GPE,United States,N,1992-06-08,"Anniston, Alabama",Beechcraft C99,6.0,3.0
2495,GP Express Airlines,GPE,United States,N,1993-04-28,"Shelton, Nebraska",Beechcraft C99,2.0,2.0
2501,Gabon Express,GBE,Gabon,N,2004-06-08,"Off Libreville, Gabon",BAe HS-748-232 Srs 2A,30.0,19.0
2509,Galaxy Airlines,GXY,Japan,N,1985-01-21,"Reno, Nevada",Lockheed L-188A Electra,71.0,70.0
2517,Gander Aviation,GAN,Canada,N,1978-06-23,"Saint John's, Newfoundland",Beech Queen Air A80,10.0,10.0
2520,Garuda Indonesia,GIA,Indonesia,Y,1974-09-07,"Tandjung-karang, Indonesia",Fokker F-27 Friendship 600,39.0,35.0
2520,Garuda Indonesia,GIA,Indonesia,Y,1975-09-24,"Near Palembang, Indonesia",Fokker F-28 Fellowship 1000,61.0,25.0
2520,Garuda Indonesia,GIA,Indonesia,Y,1979-03-06,"Near Probolinggo, Indonesia",Fokker F-28 Fellowship 1000,4.0,4.0
2520,Garuda Indonesia,GIA,Indonesia,Y,1979-07-11,"Near Medan Airfield, Indonesia",Fokker F-28 Fellowship 1000,61.0,61.0
2520,Garuda Indonesia,GIA,Indonesia,Y,1982-03-20,"Branti Airport, Indonesia",Fokker F-28 Fellowship 1000,27.0,27.0
2520,Garuda Indonesia,GIA,Indonesia,Y,1983-06-02,"Tanjung Karang, Indonesia",Fokker F-28 Fellowship 3000RC,61.0,3.0
2520,Garuda Indonesia,GIA,Indonesia,Y,1987-04-04,"Medan-Polonia, Indonesia",McDonnell Douglas DC-9-32,45.0,27.0
2520,Garuda Indonesia,GIA,Indonesia,Y,1996-06-13,"Fukuoka, Japan",McDonnell Douglas DC-10-30,275.0,3.0
2520,Garuda Indonesia,GIA,Indonesia,Y,1997-09-26,"Buah Nabar, Indonesia",Airbus A300-B4-200,234.0,234.0
2520,Garuda Indonesia,GIA,Indonesia,Y,2002-01-16,"Near Solo, Indonesia",Boeing B-737-3Q8,62.0,1.0
2520,Garuda Indonesia,GIA,Indonesia,Y,2007-03-07,"Yogyakarta, Indonesia",Boeing B-737-497,140.0,22.0
2589,Golden Star Air Cargo,GLD,Sudan,N,1992-03-24,"Athens, Greece",Boeing 707-321C,7.0,7.0
2603,Grand Canyon Airlines,CVU,United States,N,1970-03-26,"Colorado City, Arizona",Piper PA-32,6.0,6.0
2603,Grand Canyon Airlines,CVU,United States,N,1989-09-27,"Grand Canyon National Park Airport, Tusayan, Arizona",de Havilland Canada DHC-6 Twin Otter 300,21.0,10.0
2637,Gulf Air,GFA,Oman,Y,1983-09-23,"Near Mina Jebel Ali, UAE",Boeing B-737-2P6,112.0,112.0
2637,Gulf Air,GFA,Oman,Y,2000-08-23,"Off Manama, Bahrain",Airbus A320-212,143.0,143.0
2657,Hageland Aviation Services,HAG,United States,Y,1997-04-10,"Near Wainwright, Alaska",Cessna 208B Caravan I,5.0,5.0
2657,Hageland Aviation Services,HAG,United States,Y,1997-11-08,"Near Barrow, Alaska",Cessna 208B Caravan I,8.0,8.0
2695,Heavylift Cargo Airlines,HVY,Australia,N,1994-09-23,"Kowloon Bay, Hong Kong",Lockheed L-100-30 Hercules,12.0,6.0
2730,Helicsa,HHH,Spain,N,1990-03-12,"Off Freetown, Sierre Leone",Sikorsky S-58ET (helilcopter),13.0,11.0
2735,Helios Airways,HCY,Cyprus,N,2005-08-14,"Near Grammatikos, Greece",Boeing 737-31S,121.0,121.0
2756,Hewa Bora Airways,ALX,Democratic Republic of the Congo,N,2008-04-15,"Goma, Congo",McDonnell Douglas DC-9-51,85.0,0.0
2822,Iberia Airlines,IBE,Spain,Y,1972-01-07,"Sierra de Atalayasa, Spain",Sud-Aviation Caravelle VI-R,104.0,104.0
2822,Iberia Airlines,IBE,Spain,Y,1985-02-19,"Near Durango, Vizcaya, Spain",Boeing B-727-256,148.0,148.0
2835,Icelandair,ICE,Iceland,Y,1970-09-26,"Near Vagar, Denmark",Fokker F-27 Friendship 300,34.0,8.0
2853,Indian Airlines,IAC,India,Y,1970-08-29,"Near Silcher, India",Fokker F-27 Friendship 400,39.0,39.0
2853,Indian Airlines,IAC,India,Y,1971-12-09,"Chinnamanur, India",HAL-748-224 Srs.2,31.0,21.0
2853,Indian Airlines,IAC,India,Y,1972-08-12,"Near Delhi, India",Fokker F-27 Friendship 100,18.0,18.0
2853,Indian Airlines,IAC,India,Y,1973-03-15,"Hyderabad, India",HAL-748-224,3.0,3.0
2853,Indian Airlines,IAC,India,Y,1973-05-31,"Near New Delhi, India",Boeing B-737-2A8,65.0,48.0
2853,Indian Airlines,IAC,India,Y,1976-10-13,"Near Bombay, India",Sud-Aviation Caravelle VI-N,95.0,95.0
2853,Indian Airlines,IAC,India,Y,1978-12-17,"Hyderabad, India",Boeing B-737-2A8,132.0,1.0
2853,Indian Airlines,IAC,India,Y,1979-08-04,"Near Panvel, India",Hindustan Aeronautics 748 2-224,45.0,45.0
2853,Indian Airlines,IAC,India,Y,1988-10-19,"Near Ahmedabad, India",Boeing B-737-2A8,129.0,124.0
2853,Indian Airlines,IAC,India,Y,1990-02-14,"Near Bangalore, India",Airbus A320-231,146.0,92.0
2853,Indian Airlines,IAC,India,Y,1991-08-16,"Imphal, India",Boeing B-737-2A8,69.0,69.0
2853,Indian Airlines,IAC,India,Y,1993-04-26,"Aurangabad, India",Boeing B-737-2A8,118.0,56.0
2853,Indian Airlines,IAC,India,Y,1999-12-24,"Amritsar, India / Kandahar, Afghanistan",Airbus A300B2-101,189.0,1.0
2909,International Jet Charter,HSP,United States,N,2006-06-02,"Groton, Connecticut",Learjet 35A,5.0,2.0
2922,Iran Air,IRA,Iran,Y,1980-01-21,"Elburz Mtns., near Laskarak, Markazi, Iran",Boeing B-727-86,128.0,128.0
2922,Iran Air,IRA,Iran,Y,1986-10-15,"Shiraz, Iran",Boeing 737-286,80.0,3.0
2922,Iran Air,IRA,Iran,Y,1988-07-03,"Over the Persian Gulf, near Bandar Abbas, Iran",Airbus A300B2-203,290.0,290.0
2922,Iran Air,IRA,Iran,Y,1996-06-09,"Rasht, Iran",Boeing 727-286,7.0,7.0
2926,Iraqi Airways,IAW,Iraq,Y,1986-12-25,"Ay, Saudi Arabia",Boeing B-737-270C,106.0,63.0
2926,Iraqi Airways,IAW,Iraq,Y,1990-10-02,"Near Kuwait City, Kuwait",Ilyushin IL-76,130.0,130.0
2934,Island Air,ISI,Mexico,N,1974-04-11,"Hilo Island, Hawaii",Beechcraft H18S,11.0,11.0
2934,Island Air,ISI,Mexico,N,1978-03-01,"Agana, Guam",Cessna 337F,6.0,2.0
2946,Islands Nationair,,Papua New Guinea,N,1995-10-22,"Papua, New Guinea",Britten-Norman BN-2A Trislander,13.0,13.0
2958,Itek Air,IKA,Kyrgyzstan,Y,2008-08-24,"Bishkek, Kyrgyzstan",Boeing B-737-219,90.0,68.0
2987,Japan Airlines,JAL,Japan,Y,1972-06-14,"Near New Delhi, India",McDonnell Douglas DC-8-53,87.0,82.0
2987,Japan Airlines,JAL,Japan,Y,1972-11-28,"Near Moscow, Russia",McDonnell Douglas DC-8-62,76.0,62.0
2987,Japan Airlines,JAL,Japan,Y,1977-01-13,"Anchorage, Alaska",Douglas DC-8,5.0,5.0
2987,Japan Airlines,JAL,Japan,Y,1977-09-27,"Kuala Lumpur,  Malaysia",McDonnell Douglas DC-8-62H,79.0,34.0
2987,Japan Airlines,JAL,Japan,Y,1982-02-09,"Tokyo, Japan",McDonnell Douglas DC-8-61,174.0,24.0
2987,Japan Airlines,JAL,Japan,Y,1985-08-12,"Mt. Osutaka, near Ueno Village, Japan",Boeing B-747-SR46,524.0,520.0
2987,Japan Airlines,JAL,Japan,Y,1993-03-31,"Anchorage, Alaska",Boeing B-747-466,5.0,0.0
3088,KLM Cityhopper,KLC,Netherlands,Y,1994-04-04,"Amsterdam, Netherlands",Saab 340B,24.0,3.0
3097,Kam Air,KMF,Afghanistan,Y,2005-02-03,"Near Peshawar, Pakistan",Boeing B-737-200,104.0,104.0
3107,Kata Transportation,KTV,Sudan,N,2008-04-11,"Chrisinau, Moldova",Antonov An-32,8.0,8.0
3121,Kelowna Flightcraft Air Charter,KFA,Canada,N,1999-01-13,"Mayne Island, British Columbia, Canada",Douglas DC-3C,2.0,2.0
3124,Kenn Borek Air,KBA,Canada,N,1977-12-21,"Nanisivik, Canada",de Havilland Canada DHC-6 Twin Otter 300,8.0,8.0
3124,Kenn Borek Air,KBA,Canada,N,1987-11-10,"Near Ross River, Canada",de Havilland Canada DHC-4A Caribou,4.0,2.0
3126,Kenya Airways,KQA,Kenya,Y,2000-01-30,"Off Abidjan, Ivory Coast",AirbusA310-304,179.0,169.0
3126,Kenya Airways,KQA,Kenya,Y,2007-05-05,"Near Dizangue, Cameroon",Boeing B-737-8AL,114.0,114.0
3137,Khors Aircompany,KHO,Ukraine,N,1998-12-14,"Near Cuito, Angola",Antonov AN-12BP,11.0,11.0
3152,Knight Air,KNA,Canada,N,1995-05-24,"Near Leeds, England",Embraer 110 P1 Bandeirante,12.0,12.0
3163,Korean Air,KAL,Republic of Korea,Y,1999-04-15,"Shanghi, China",McDonnell Douglas MD-11,3.0,3.0
3163,Korean Air,KAL,Republic of Korea,Y,1999-12-22,"Great Hallingbury, United Kingdom",Boeing 747-2B5F,4.0,4.0
3175,Kuban Airlines,KIL,Russia,Y,1993-12-26,"Gyumri, Armenia",Antonov AN-26,36.0,36.0
3179,Kuwait Airways,KAC,Kuwait,Y,1988-04-05,"Combi, Cyprus",Boeing B-747-200,112.0,2.0
3210,LOT Polish Airlines,LOT,Poland,Y,1977-05-13,"Beiruit, Lebanon",Antonov An-12BP,9.0,9.0
3210,LOT Polish Airlines,LOT,Poland,Y,1980-03-14,"Near Warsaw, Poland",Ilyushin IL-62,87.0,87.0
3210,LOT Polish Airlines,LOT,Poland,Y,1981-03-26,"Redzikowo, Poland",Antonov AN-24B,52.0,1.0
3210,LOT Polish Airlines,LOT,Poland,Y,1987-05-09,"Warsaw, Poland",Ilyushin IL-62M,183.0,183.0
3210,LOT Polish Airlines,LOT,Poland,Y,1988-11-02,"Near Rzeszow, Poland",Antonov AN-24B,29.0,1.0
3235,Laoag International Airlines,LPN,Philippines,N,2002-11-11,"Manila, Philippines",Fokker F27 Friendship 100,34.0,19.0
3239,Lauda Air,LDA,Austria,Y,1991-05-26,"Near Ban Nong Rong, Thailand",Boeing B-767-3Z9ER,223.0,223.0
3251,Leeward Islands Air Transport,LIA,Antigua and Barbuda,Y,1986-08-04,"Off St. Vincent, Leeward Islands",de Havilland Canada DHC-6 Twin Otter 300,13.0,13.0
3295,Lloyd Aereo Boliviano,LLB,Bolivia,N,1980-06-02,"Near Yachiba, Bolivia",Fairchild F-27J,13.0,13.0
3295,Lloyd Aereo Boliviano,LLB,Bolivia,N,1984-03-16,"San Borja, Bolivia",Fairchild F-27M,23.0,23.0
3309,Lone Star Airlines,LSS,United States,N,1992-08-25,"Hot Springs, Arizona",Swearingen SA-227AC Metro III,3.0,3.0
3320,Lufthansa,DLH,Germany,Y,1974-11-20,"Near Nairobi, Kenya",Boeing B-747-130,157.0,59.0
3320,Lufthansa,DLH,Germany,Y,1993-09-14,"Warsaw, Poland",Airbus A320-211,70.0,2.0
3329,Luxair,LGL,Luxembourg,Y,2002-11-06,"Near Niederanven, Luxembourg",Fokker 50,22.0,20.0
3378,Malaysia Airlines,MAS,Malaysia,Y,1977-12-04,"Straits of Johore, near Kampung Ladang, Malaysia",Boeing B-737-2H6,100.0,100.0
3378,Malaysia Airlines,MAS,Malaysia,Y,1995-09-15,"Tawau,  Malaysia",Fokker 50,53.0,34.0
3391,Mandala Airlines,MDL,Indonesia,Y,1992-07-24,"Mt. Lalaboy,  Indonesia",Vickers Viscount 816,70.0,70.0
3391,Mandala Airlines,MDL,Indonesia,Y,2005-09-05,"Medan, Indonesia",Boeing 737-230,117.0,99.0
3408,Marsland Aviation,MSL,Sudan,N,2005-06-02,"Khartoom, Sudan",Antonov AN-24B,42.0,7.0
3411,Martinair,MPH,Netherlands,Y,1974-12-04,"Near Maskeliya, Sri Lanka",McDonnell Douglas DC-8-55F,191.0,191.0
3411,Martinair,MPH,Netherlands,Y,1992-12-21,"Faro, Algarve, Portugal",McDonnell Douglas DC-10-30CF,340.0,56.0
3415,Maryland State Police,TRP,United States,N,2008-09-27,"Camp Springs, Maryland",Aerospatiale SA365N-1 Dauphin II,5.0,4.0
3465,Merpati Nusantara Airlines,MNA,Indonesia,Y,1971-11-10,"Off Padang, Philippines",Vickers Viscount 828,69.0,69.0
3465,Merpati Nusantara Airlines,MNA,Indonesia,Y,1973-02-28,"Near Nabire, Indonesia",de Havilland Canada DHC-6 Twin Otter 100,13.0,13.0
3465,Merpati Nusantara Airlines,MNA,Indonesia,Y,1977-03-29,"Bainaha Valley, Indonesia",de Havilland Canada DHC-6 Twin Otter 300,23.0,15.0
3465,Merpati Nusantara Airlines,MNA,Indonesia,Y,1985-08-12,"Mulia, Indonesia",de Havilland Canada DHC-6 Twin Otter 300,19.0,8.0
3465,Merpati Nusantara Airlines,MNA,Indonesia,Y,1986-03-20,"Near Naha, Indonesia",CASA 212 Aviocar 100,16.0,2.0
3465,Merpati Nusantara Airlines,MNA,Indonesia,Y,1987-05-23,"Near Ruteng, Indonesia",de Havilland Canada DHC-6 Twin Otter 300,8.0,8.0
3465,Merpati Nusantara Airlines,MNA,Indonesia,Y,1989-09-15,"Near Bentuni, Indonesia",de Havilland Canada DHC-6 Twin Otter 300,22.0,22.0
3465,Merpati Nusantara Airlines,MNA,Indonesia,Y,1991-01-30,"Jalaludin, Indonesia",CASA 212 Aviocar 200,21.0,1.0
3465,Merpati Nusantara Airlines,MNA,Indonesia,Y,1991-05-09,"Sulawesi, Indonesia",Fokker F-27 Friendship 600,13.0,13.0
3465,Merpati Nusantara Airlines,MNA,Indonesia,Y,1992-10-18,"Near Garut, Jawa, Indonesia",CASA 235-10,31.0,31.0
3465,Merpati Nusantara Airlines,MNA,Indonesia,Y,1993-07-01,"Sorong, Irian Jaya, Indonesia",Fokker F-28 Fellowship 3000,43.0,41.0
3465,Merpati Nusantara Airlines,MNA,Indonesia,Y,1994-06-18,"Mt.  Kalora, Indonesia",Fokker F-27 Friendship 500F,12.0,12.0
3465,Merpati Nusantara Airlines,MNA,Indonesia,Y,1995-01-10,"Off Flores Island, Inodnesia",de Havilland Canada DHC-6 Twin Otter 300,14.0,14.0
3465,Merpati Nusantara Airlines,MNA,Indonesia,Y,1995-07-17,"Bintuni,  Indonesia",de Havilland Canada DHC-6 Twin Otter 300,18.0,1.0
3465,Merpati Nusantara Airlines,MNA,Indonesia,Y,1997-04-19,"Tanjung Pandan, Indonesia",British Aerospace ATP,53.0,15.0
3465,Merpati Nusantara Airlines,MNA,Indonesia,Y,2001-03-26,"Jadura, Indonesia",Fokker F-27 Friendship 500F,3.0,3.0
3479,Mexicana de Aviaci,MXA,Mexico,Y,1986-03-31,"Maravatio, Mexico",Boeing B-727-264,167.0,167.0
3490,Middle East Airlines,MEA,Lebanon,Y,1976-01-01,"Near Al Qaysumah, Saudi Arabia",Boeing B-720B-023B,82.0,82.0
3506,Million Air,OXO,United States,N,1996-10-22,"Manta, Ecuador",Boeing B-707-323C,4.0,4.0
3542,Morningstar Air Express,MAL,Canada,Y,2005-10-06,"Winnipeg, Canada",Cessna 208B,1.0,1.0
3545,Moskovia Airlines,GAI,Russia,Y,2008-05-26,"Near Chelyabinsk, Russia",Antonov An-12,9.0,9.0
3549,Mountain Air Cargo,MTN,United States,N,1985-10-11,"Homer City, Pennsylvania",de Havilland Canada DHC-6 Twin Otter 200,1.0,1.0
3549,Mountain Air Cargo,MTN,United States,N,1998-01-09,"Maiden, North Carolina",Cessna 208B Caravan I,1.0,1.0
3566,Mustique Airways,MAW,Barbados,N,1996-01-08,"Off Bridgetown, Barbados",Britten-Norman BN-2A-27 Islander,10.0,1.0
3595,National Airlines,NAN,United States,N,1973-11-03,"Near Albuquerque,  New Mexico",McDonnell Douglas DC-10-10,128.0,1.0
3595,National Airlines,NAN,United States,N,1978-05-08,"Pensacola, Florida",Boeing B-727-235,58.0,3.0
3596,National Airlines,NCN,Chile,N,1973-11-03,"Near Albuquerque,  New Mexico",McDonnell Douglas DC-10-10,128.0,1.0
3596,National Airlines,NCN,Chile,N,1978-05-08,"Pensacola, Florida",Boeing B-727-235,58.0,3.0
3597,National Airlines,ROK,United States,N,1973-11-03,"Near Albuquerque,  New Mexico",McDonnell Douglas DC-10-10,128.0,1.0
3597,National Airlines,ROK,United States,N,1978-05-08,"Pensacola, Florida",Boeing B-727-235,58.0,3.0
3598,National Airlines,NAL,United States,N,1973-11-03,"Near Albuquerque,  New Mexico",McDonnell Douglas DC-10-10,128.0,1.0
3598,National Airlines,NAL,United States,N,1978-05-08,"Pensacola, Florida",Boeing B-727-235,58.0,3.0
3599,National Airlines,KUS,South Africa,N,1973-11-03,"Near Albuquerque,  New Mexico",McDonnell Douglas DC-10-10,128.0,1.0
3599,National Airlines,KUS,South Africa,N,1978-05-08,"Pensacola, Florida",Boeing B-727-235,58.0,3.0
3631,Necon Air,NEC,Nepal,N,1999-01-17,"Jumla, Nepal",Cessna 208 Caravan I,12.0,4.0
3631,Necon Air,NEC,Nepal,N,1999-09-05,"Near Kathmandu, Nepal",Hawker Siddeley HS-748-501 Super 2B,15.0,15.0
3644,New England Airlines,NEA,United States,Y,1989-11-28,"Block Island, Rhode Island",Britten-Norman BN-2A Islander,8.0,8.0
3657,Nigeria Airways,NGA,Nigeria,N,1978-03-02,"Kano, Nigeria",Fokker F-28 Fellowship 1000 / MiG-21,18.0,18.0
3657,Nigeria Airways,NGA,Nigeria,N,1983-11-28,"Near Enugu, Nigeria",Fokker F-28 Fellowship 2000,72.0,53.0
3657,Nigeria Airways,NGA,Nigeria,N,1995-11-13,"Kaduna, Nigeria",Boeing B-737-2F9,137.0,9.0
3663,Nile Safaris Aviation,NSA,Sudan,N,1989-09-26,"Nyala, Sudan",Cessna 404 Titan II,6.0,6.0
3663,Nile Safaris Aviation,NSA,Sudan,N,1991-05-05,"Near Awell, Sudan",Cessna 404 Titan II,8.0,8.0
3701,North Coast Aviation,,Papua New Guinea,N,2000-04-29,"Bapi, Papua New Guinea",Britten-Norman BN-2A-20 Islander,4.0,4.0
3704,North Star Air Cargo,SBX,United States,N,1995-09-01,"Near Farewell, Alaska",Shorts SC-7 Skyvan,1.0,1.0
3717,Northern Air Cargo,NAC,United States,N,1996-07-20,"Russian Mission, Alaska",Douglas DC-6A,4.0,4.0
3722,Northern Executive Aviation,NEX,United Kingdom,N,2000-05-02,"Lyon Satolas, France",Learjet 35A,5.0,2.0
3725,Northern Thunderbird Air,NTA,Canada,N,1975-09-30,"Klua Tan Tan, Canada",de Havilland Canada DHC-6 Twin Otter 200,7.0,7.0
3731,Northwest Airlines,NWA,United States,Y,1987-08-16,"Romulus, Michigan",McDonnell Douglas MD-82,155.0,154.0
3761,Ocean Airlines,VCX,Italy,N,2002-12-27,"Anjouan, Comoros Islands",Let 410UVP,16.0,1.0
3785,One Two Go Airlines,OTG,Thailand,Y,2007-09-16,"Phuket, Thailand",McDonnell Douglas MD-82,130.0,90.0
3813,Oriental Airlines,OAC,Nigeria,N,1994-09-18,"Tamanrasset, Algeria",BAC One-Eleven 515FB,39.0,5.0
3830,Ozark Air Lines,OZR,United States,N,1973-07-23,"St. Louis, Missouri",Fairchild-Hiller FH-227B,44.0,38.0
3871,Pakistan International Airlines,PIA,Pakistan,Y,1970-08-06,"Islamabad, Pakistan",Fokker F-27 Friendship 200,30.0,30.0
3871,Pakistan International Airlines,PIA,Pakistan,Y,1970-12-30,"Near Shemshernagar,  Pakistan",Fokker F-27 Friendship 200,35.0,7.0
3871,Pakistan International Airlines,PIA,Pakistan,Y,1972-12-08,"Near Rawalpindi, Pakistan",Fokker F-27 Friendship 400,26.0,26.0
3871,Pakistan International Airlines,PIA,Pakistan,Y,1979-11-26,"Near At Ta'if, Jeddah, Saudi Arabia",Boeing B-707-340C,156.0,156.0
3871,Pakistan International Airlines,PIA,Pakistan,Y,1986-10-23,"Near Peshawar, Pakistan",Fokker F-27 Friendship 600,54.0,13.0
3871,Pakistan International Airlines,PIA,Pakistan,Y,1989-08-25,"Near Gilgit, Pakistan",Fokker F-27 Friendship 200,54.0,54.0
3871,Pakistan International Airlines,PIA,Pakistan,Y,1992-09-28,"Near  Kathmandu, Nepal",Airbus A300B4-203,167.0,167.0
3871,Pakistan International Airlines,PIA,Pakistan,Y,2006-07-10,"Multan, Pakistan",Fokker F-27 Friendship 200,45.0,45.0
3886,Pan American World Airways,PAA,United States,N,1971-07-25,"Manila, Philippines",Boeing 707-321CF,4.0,4.0
3886,Pan American World Airways,PAA,United States,N,1971-07-30,"San Francisco, California",Boeing B-747-121,218.0,0.0
3886,Pan American World Airways,PAA,United States,N,1973-07-22,"Off Papeete, Tahiti",Boeing B-707-321B,79.0,78.0
3886,Pan American World Airways,PAA,United States,N,1973-11-03,"Boston, Massachusett",Boeing B-707-321C,3.0,3.0
3886,Pan American World Airways,PAA,United States,N,1973-12-17,"Rome, Italy",Boeing B-707-321B,177.0,30.0
3886,Pan American World Airways,PAA,United States,N,1974-01-30,"Pago Pago, American Samoa",Boeing B-707-321B,101.0,96.0
3886,Pan American World Airways,PAA,United States,N,1974-02-02,"Near Honolulu, HI",Boeing B-747,298.0,1.0
3886,Pan American World Airways,PAA,United States,N,1974-04-22,"Grogak, Bali, Indonesia",Boeing B-707-321C,107.0,107.0
3886,Pan American World Airways,PAA,United States,N,1982-07-09,"Kenner, Louisiana",Boeing B-727-235,145.0,145.0
3886,Pan American World Airways,PAA,United States,N,1982-08-11,PacifiOcean,Boeing B-747-121,,1.0
3886,Pan American World Airways,PAA,United States,N,1986-09-05,"Karachi, Pakistan",Boeing B-747-121,384.0,16.0
3886,Pan American World Airways,PAA,United States,N,1988-12-21,"Lockerbie, Scotland",Boeing B-747-121A,259.0,259.0
3889,Pan Malaysian Air Transport,PMA,Malaysia,N,1993-01-31,"Sumatra, Indonesia",Shorts SC-7 Skyvan 3-100,16.0,16.0
3898,Panorama Air Tour,PAH,United States,N,1987-12-23,"Maunaloa, Hawaii",Piper PA-31-350 Navajo,8.0,8.0
3911,Parsa,PST,Panama,N,1997-12-31,"Rio Sidra, Panama",Britten Norman BN-2A Trislander,10.0,10.0
3932,Pelita Air Service,PAS,Indonesia,N,1980-01-23,"Mt. Cemonyet,  Indonesia",CASA 212 Aviocar 100,13.0,13.0
3932,Pelita Air Service,PAS,Indonesia,N,1982-05-28,"Off Natuma Island, Indonesia",Aerospatiale 330G Puma,10.0,10.0
3932,Pelita Air Service,PAS,Indonesia,N,1984-01-24,"Near Manado, Indonesia",CASA 212 Aviocar 200,9.0,6.0
3932,Pelita Air Service,PAS,Indonesia,N,1990-01-02,"Java Sea, Indonesia",CASA 212 Aviocar 200,16.0,9.0
3932,Pelita Air Service,PAS,Indonesia,N,1990-12-06,"Near Matak, Indonesia",IPTN 332C Super Puma,12.0,10.0
3952,Philippine Airlines,PAL,Philippines,Y,1970-04-21,"Manila, Philippines",Hawker Siddeley HS-748-209,36.0,36.0
3952,Philippine Airlines,PAL,Philippines,Y,1970-05-09,"Iligan, Philippines",Fokker F-27 Friendship 100,33.0,1.0
3952,Philippine Airlines,PAL,Philippines,Y,1970-06-02,"Roxas, Philippines",Fokker F-27 Friendship 100,44.0,1.0
3952,Philippine Airlines,PAL,Philippines,Y,1975-02-03,"Manila, Philippines",Hawker Siddeley HS-748 2,33.0,32.0
3952,Philippine Airlines,PAL,Philippines,Y,1975-06-03,"Manila, Philippines",BAC One-Eleven 524FF,64.0,1.0
3952,Philippine Airlines,PAL,Philippines,Y,1976-05-23,"Zamboanga, Philipines",BAC One-Eleven 527FK,87.0,14.0
3952,Philippine Airlines,PAL,Philippines,Y,1982-07-11,"Jolo, Philippines",Hawker Siddeley HS-748-209 Srs. 2,30.0,4.0
3952,Philippine Airlines,PAL,Philippines,Y,1987-06-26,"Near Baguio, Philippines",Hawker Siddeley HS-748-209 Srs. 2,50.0,50.0
3952,Philippine Airlines,PAL,Philippines,Y,1987-12-13,"Near Iligan, Philippines",Shorts 360-300,15.0,15.0
3952,Philippine Airlines,PAL,Philippines,Y,1989-07-21,"Manila, Philippines",BAC One-Eleven 516FP,98.0,1.0
3952,Philippine Airlines,PAL,Philippines,Y,1990-05-11,"Manila, Philippines",Boeing B-737-3Y0,119.0,8.0
3952,Philippine Airlines,PAL,Philippines,Y,1994-12-10,PacifiOcean,Boeing B-747-200,293.0,1.0
3952,Philippine Airlines,PAL,Philippines,Y,1998-03-22,"Bacolod, Philippines",Airbus A.320-214,127.0,0.0
3952,Philippine Airlines,PAL,Philippines,Y,2000-05-25,"Near Manila, Philippines",Airbus A.330-301,298.0,1.0
3966,Phoenix Aviation,PHG,Kyrgyzstan,N,1994-12-21,"Coventry, England",Boeing 737-2D6C,5.0,5.0
3977,Pioneer Airlines,PIO,United States,N,1982-12-07,"Near Pueblo, Colorado",Swearingen SA.227AC Metro III,2.0,2.0
3977,Pioneer Airlines,PIO,United States,N,1984-08-08,"Machakos, Kenya",Cessna 402A,9.0,9.0
4013,Polynesian Airlines,PAO,Samoa,Y,1970-01-13,"Faleolo, Western Samoa",Douglas DC-3,32.0,32.0
4013,Polynesian Airlines,PAO,Samoa,Y,1997-01-07,"Near Moamoa, Samoa",de Havilland Canada DHC-6 Twin Otter 300,5.0,3.0
4068,Propair,PRO,Canada,N,1998-06-18,"Montreal, Canada",Swearingen SA-226TC Metroliner II,11.0,11.0
4074,Provincial Airlines,SPR,Canada,N,1999-03-19,"Davis Inlet, Newfoundland, Canada",de Havilland Canada DHC-6 Twin Otter 300,2.0,1.0
4078,Ptarmigan Airways,PTA,Canada,N,1990-06-06,"Thistle Lake, Northwest Territory, Canada",de Havilland Canada DHC-6 Twin Otter 300,2.0,2.0
4177,Regional Airlines,,Morocco,Y,2005-03-16,"Varandey, Russia",Antonov 24,52.0,28.0
4201,Rijnmond Air Services,RAZ,Netherland,N,1982-12-22,"Mesvres, France",Piper PA-31-350 Chieftain,10.0,10.0
4216,Rocky Mountain Airways,RMA,United States,N,1978-12-04,"Near Steamboat Springs, Coloado",de Havilland Canada DHC-6 Twin Otter 300,22.0,2.0
4248,Royal Air Maroc,RAM,Morocco,Y,1970-04-01,"Casablanca, Morocco",Aerospatiale Caravelle 3,82.0,61.0
4248,Royal Air Maroc,RAM,Morocco,Y,1994-08-21,"Near Agadir, Morocco",Aerospatiale ATR-42-300,44.0,44.0
4264,Royal Nepal Airlines,RNA,Nepal,Y,1970-01-25,"Near Delhi, India",Fokker F-27 Friendship 200,23.0,1.0
4264,Royal Nepal Airlines,RNA,Nepal,Y,1981-11-19,"Biratnagar, Nepal",Pilatus PC-6/B2-H2 Turbo-Porter,10.0,10.0
4264,Royal Nepal Airlines,RNA,Nepal,Y,1984-12-22,"Near Bhojpur, Nepal",de Havilland Canada DHC-6 Twin Otter 300,23.0,15.0
4264,Royal Nepal Airlines,RNA,Nepal,Y,1995-01-17,"Kathmandu, Nepal",de Havilland Canada DHC-6 Twin Otter 300,24.0,2.0
4264,Royal Nepal Airlines,RNA,Nepal,Y,2000-07-27,"Jodhura, Nepal",de Havilland Canada DHC-6 Twin Otter 300,25.0,25.0
4294,Ryan Air Services,RYA,United States,Y,1980-07-12,"Golovin, Alaska",Cessna 402B,8.0,8.0
4294,Ryan Air Services,RYA,United States,Y,1987-11-23,"Homer, Alaska",Beechcraft 1900C,21.0,18.0
4295,Ryan International Airlines,RYN,United States,Y,1991-02-17,"Cleveland, Ohio",McDonnell Douglas DC-9-15RC,2.0,2.0
4305,South African Airways,SAA,South Africa,Y,1987-11-28,"Off Mauritius, Indian Ocean",Boeing B-747-244B,159.0,159.0
4314,SAM Colombia,SAM,Colombia,N,1993-05-19,"Near Medellin, Colombia",Boeing B-727-46,132.0,132.0
4319,Scandinavian Airlines System,SAS,Sweden,Y,1984-02-28,"JFK Airport, New York, New York",McDonnell Douglas DC-10-30,177.0,0.0
4319,Scandinavian Airlines System,SAS,Sweden,Y,1991-12-27,"Stockholm, Sweden",MDonnell Douglas MD-81,129.0,0.0
4322,Sabah Air,SAX,Malaysia,N,1976-06-06,"Off Kota Kinabalu, Malaysia",GAF Nomad N-22B,12.0,12.0
4322,Sabah Air,SAX,Malaysia,N,1995-11-29,"Off Labuan, Malaysia",Bell 412 (helicopter),10.0,10.0
4339,Spanish Air Force,AME,Spain,N,1980-05-28,"Gran Canaria Island, Spain",Lockheed C-130,11.0,11.0
4381,SAETA,SET,Ecuador,N,1976-08-15,"Andes Mountains, Ecuador",Vickers Viscount 785D,59.0,59.0
4381,SAETA,SET,Ecuador,N,1979-04-23,"Near Cuenca, Ecuador",Vickers Viscount 785D,57.0,57.0
4381,SAETA,SET,Ecuador,N,1995-09-09,"Near La Macarena, Colombia",CASA 212 Aviocar 200,22.0,21.0
4403,Skyward Aviation,SGK,Canada,N,2005-12-28,"Truckee, California",Gates Learjet 35A,2.0,2.0
4435,Singapore Airlines,SIA,Singapore,Y,1997-07-21,"Near Ranong, Thailand",Learjet 31,2.0,2.0
4435,Singapore Airlines,SIA,Singapore,Y,2000-10-31,"Taipei, Taiwan",Boeing B-747-412,179.0,83.0
4443,Salair,SIR,United States,N,1994-03-18,"Spokane, Washington",Douglas DC-3C,2.0,2.0
4443,Salair,SIR,United States,N,1995-06-27,"La Romana, Dominican Republic",Convair CV-440,2.0,2.0
4479,Sarit Airlines,SRW,Sudan,N,2004-10-05,"Kaduqli, Sudan",Antonov AN-12,4.0,4.0
4493,SAESA,SSS,Spain,N,1972-01-06,"Near Chetumal, Mexico",Hawker Siddeley HS-748-230 Srs. 2A,23.0,23.0
4500,Star Aviation,STA,United Kingdom,N,1975-12-26,"Rollinsville, Colorado",Mitsubishi MU-2B,9.0,9.0
4521,Sudan Airways,SUD,Sudan,Y,1971-12-06,"Tikaka, Sudan",Fokker F-27 Friendship 200,42.0,10.0
4521,Sudan Airways,SUD,Sudan,Y,1975-03-18,"Singa, Sudan",de Havilland Canada DHC-6 Twin Otter 100,6.0,5.0
4521,Sudan Airways,SUD,Sudan,Y,1986-08-16,"Malakal, Sudan",Fokker F-27 Friendship 400M,60.0,60.0
4521,Sudan Airways,SUD,Sudan,Y,2003-07-08,"Port Sudan, Sudan",Boeing 737-2J8C,117.0,116.0
4521,Sudan Airways,SUD,Sudan,Y,2008-06-10,"Khartoum, Sudan",Airbus A-310-324,214.0,32.0
4533,Saudi Arabian Airlines,SVA,Saudi Arabia,Y,1980-12-23,"Qatar, Qatar",Lockheed L-1011-200,291.0,2.0
4533,Saudi Arabian Airlines,SVA,Saudi Arabia,Y,1980-08-19,"Near Riyadh, Saudi Arabia",Lockheed 1011-200 TriStar,301.0,301.0
4547,Southwest Airlines,SWA,United States,Y,2000-03-05,"Burbank, Calilfornia",Boeing B-737-3T5,142.0,0.0
4547,Southwest Airlines,SWA,United States,Y,2005-12-08,"Chicago, Illinois",Boeing B-737-7H4,103.0,0.0
4560,Swissair,SWR,Switzerland,Y,1970-02-21,"Zurich, Switzerland",Convair CV-990-30A-6,47.0,47.0
4560,Swissair,SWR,Switzerland,Y,1979-10-08,"Athens, Greece",McDonnell Douglas DC-8-62,156.0,14.0
4560,Swissair,SWR,Switzerland,Y,1998-09-02,"Off Peggy's Cove, Nova Scotia, Canada",McDonnell Douglas MD-11,229.0,229.0
4594,Starair,BLY,Ireland,N,1988-05-26,"Hannover, Germany",Fokker F-27 Friendship 600,2.0,2.0
4612,Shanxi Airlines,CXI,China,N,1988-10-07,"Linfen, China",Ilyushin IL-14P,46.0,42.0
4617,Skypower Express Airways,EAN,Nigeria,N,1997-01-31,"Yola, Nigeria",Embraer 110P1A Bandeirante,16.0,5.0
4617,Skypower Express Airways,EAN,Nigeria,N,2000-01-05,"Abuja, Nigeria",Embraer 110P1A Bandeirante,16.0,1.0
4637,Superior Aviation,HKA,United States,N,2000-11-09,"Fort Wayne, Indiana",Swearingen SA.226TC Metro II,1.0,1.0
4652,Spanair,JKK,Spain,Y,2008-08-20,"Madrid, Spain",McDonnell Douglas MD-82,172.0,154.0
4663,SANSA,LRS,Costa Rica,N,1990-01-15,"Pico Blanco, Costa Rica",CASA 212 Aviocar 200,23.0,23.0
4663,SANSA,LRS,Costa Rica,N,2000-08-26,"Near La Fortuna, Costa Rica",Cessna 208B Grand Caravan I,10.0,10.0
4663,SANSA,LRS,Costa Rica,N,2001-11-28,"San Jernimo de Moravia , Costa Rica",Cessna 208B Grand Caravan,8.0,3.0
4691,SATENA,NSE,Colombia,Y,1972-01-21,"Near Betania, Colombia",Douglas C-47,39.0,39.0
4691,SATENA,NSE,Colombia,Y,1975-01-08,"Near Doncello, Colombia",Douglas DC-3,21.0,21.0
4691,SATENA,NSE,Colombia,Y,1975-05-03,"Near Sardinata, Colombia",Douglas DC-3,6.0,3.0
4691,SATENA,NSE,Colombia,Y,1976-04-02,"Near Puerto Asis, Colombia",Douglas DC-3,16.0,5.0
4691,SATENA,NSE,Colombia,Y,1979-08-22,"Bogota, Colombia",Hawker Siddeley HS-748,1.0,1.0
4691,SATENA,NSE,Colombia,Y,1979-12-19,"Cerro Toledo Mountain, Colombia",Douglas DC-4 (C-54),19.0,19.0
4691,SATENA,NSE,Colombia,Y,1985-03-28,"Near Florencia, Colombia",Fokker F-28 Fellowship 3000,46.0,46.0
4691,SATENA,NSE,Colombia,Y,1989-04-19,"Near Cucuta, Colombia",Pilatus PC-6 Turbo Porter,11.0,11.0
4691,SATENA,NSE,Colombia,Y,1990-11-18,"Near Medellin, Colombia",CASA 212 Aviocar 200,16.0,16.0
4691,SATENA,NSE,Colombia,Y,1997-08-29,"Puerto Inirida, Venezuela",Pilatus PC-6 Turbo Porter / Cessna 206,12.0,12.0
4699,Sosoliso Airlines,OSL,Nigeria,N,2005-12-10,"Near Port Harcourt, Nigeria",McDonnell DC-9-32,109.0,108.0
4726,Skycraft Air Transport,SKG,Canada,N,1984-01-09,"Saint Louis, Missouri",Douglas DC-3,2.0,1.0
4735,Santa Barbara Airlines,BBR,Venezuela,Y,2008-02-21,"Merida, Venezuela",ATR-42-300,46.0,46.0
4745,Streamline,SLE,South Africa,N,2000-05-25,"Paris, France",Shorts 330-200,2.0,1.0
4750,SilkAir,SLK,Singapore,Y,1997-12-19,"Near Palembang, Indonesia",Boeing B-737-300,104.0,104.0
4752,Surinam Airways,SLM,Suriname,Y,1989-06-07,"Near Paramaribo, Surinam",McDonnell Douglas DC-8 Super 62,187.0,176.0
4762,Sabang Merauke Raya Air Charter,SMC,Indonesia,N,1995-10-03,"Gunung Antara, Indonesia",CASA 212,14.0,1.0
4762,Sabang Merauke Raya Air Charter,SMC,Indonesia,N,2002-07-16,"Near Long Barai, Indonesia",Britten-Norman BN-2A Islander,10.0,10.0
4764,Servant Air,,United States,N,2008-01-05,"Kodiak, Alaska",Piper PA-31-350 Navajo,10.0,6.0
4798,Somali Airlines,SOM,Somali Republic,N,1970-05-06,"Mogadishu, Somalia",Vickers 785D Viscount,30.0,5.0
4798,Somali Airlines,SOM,Somali Republic,N,1981-07-20,"Mogadishu, Somalia",Fokker F-27 Friendship 600RF,50.0,50.0
4798,Somali Airlines,SOM,Somali Republic,N,1989-06-28,"Near Borana, Somalia",Fokker F-27 Friendship 600RF,30.0,30.0
4804,Southern Airways,SOU,United States,Y,1970-11-14,"Near Huntington, West Virginia",McDonnell Douglas DC-9-31,75.0,75.0
4804,Southern Airways,SOU,United States,Y,1977-04-04,"New Hope, Georgia",McDonnell Douglas DC-9-31,85.0,62.0
4806,Sowind Air,SOW,Canada,N,1997-12-09,"Little Grand Rapids, Canada",Embraer 110P1 Bandeirante,17.0,4.0
4863,TAME,TAE,Ecuador,Y,1971-02-17,"Mt. Cunatineuta, Ecuador",Curtiss C-46,12.0,12.0
4863,TAME,TAE,Ecuador,Y,1976-01-20,"Near Loja, Ecuador",Hawker Siddeley HS-748-246,42.0,34.0
4863,TAME,TAE,Ecuador,Y,1981-05-22,"Near Zumba, Ecuador",de Havilland Canada DHC-6 Twin Otter 300,18.0,18.0
4863,TAME,TAE,Ecuador,Y,1983-07-11,"Near Cuenca, Azuay, Ecuador",Boeing B-737-2V2,119.0,119.0
4863,TAME,TAE,Ecuador,Y,1984-11-20,"Loja, Peru",de Havilland Canada DHC-6 Twin Otter 300,14.0,14.0
4863,TAME,TAE,Ecuador,Y,1994-04-06,"Ambato, Ecuador",de Havilland Canada DHC-6 Twin Otter 300,17.0,17.0
4863,TAME,TAE,Ecuador,Y,2002-01-28,"Near Ipiales, Colombia",Boeing B-727-134,92.0,92.0
4866,Talair,TAL,Papua New Guinea,N,1981-04-01,"Mt. Hagen, Papua, New Guinea",Cessna 402,8.0,8.0
4866,Talair,TAL,Papua New Guinea,N,1983-01-14,"Near Karimui, Papua New Guinea",Britten Norman BN-2A-20 Trislander,10.0,10.0
4866,Talair,TAL,Papua New Guinea,N,1984-09-06,"Mt. Musaka, Papua, New Guinea",Britten-Norman BN-2A-20 Islander,11.0,9.0
4866,Talair,TAL,Papua New Guinea,N,1987-02-06,"Off Papua, New Guinea",Embraer 110P2 Bandeirante,17.0,14.0
4866,Talair,TAL,Papua New Guinea,N,1987-12-08,"Kanabea, Papua New Guinea",Britten-Norman BN-2A-2 Islander,4.0,1.0
4866,Talair,TAL,Papua New Guinea,N,1989-07-21,"Porgera, New Guinea",de Havilland Canada DHC-6 Twin Otter 300,22.0,3.0
4866,Talair,TAL,Papua New Guinea,N,1992-04-15,"Near Goroka, Papua New Guinea",Embraer 110P1 Bandeirante,15.0,11.0
4867,TAM Brazilian Airlines,TAM,Brazil,Y,1990-02-12,"Bauru, Brazil",Fokker 27 Friendship 200,40.0,2.0
4867,TAM Brazilian Airlines,TAM,Brazil,Y,1996-10-31,"Sao Paolo, Brazil",Fokker 100,95.0,95.0
4867,TAM Brazilian Airlines,TAM,Brazil,Y,1997-07-09,"Suzano, Brazil",Fokker 100,60.0,1.0
4867,TAM Brazilian Airlines,TAM,Brazil,Y,2001-09-15,"Belo Horizonte, Brazil",Fokker 100,82.0,1.0
4867,TAM Brazilian Airlines,TAM,Brazil,Y,2007-07-17,"Sao Paulo, Brazil",Airbus A-320-233,187.0,187.0
4869,TAP Portugal,TAP,Portugal,Y,1977-11-19,"Near Funchal, Island of Madeira, Portugal",Boeing B-727-282,164.0,131.0
4874,Transbrasil,TBA,Brazil,N,1976-01-22,"Chapeco, Brazil",Embraer 110C Bandeirante,11.0,9.0
4874,Transbrasil,TBA,Brazil,N,1980-04-12,"Florianopolis, Brazil",Boeing B-727-27C,58.0,55.0
4874,Transbrasil,TBA,Brazil,N,1989-03-21,"Guarulhos, Brazil",Boeing B-707-349C,3.0,3.0
4877,Tropical Airways,TBG,Haiti,N,2003-08-24,"Cap Haitien, Haiti",Let 420UVP-E,21.0,21.0
4899,Tadair,TDC,Spain,N,2002-04-12,"Palma de Mallorca, Spain",Swearingen SA.227AC Metro III,2.0,2.0
4911,Telford Aviation,TEL,United States,N,1996-10-20,"Eel River Crossing, New Brunswick, Canada",Piper PA-31-350 Navajo Chieftain,8.0,8.0
4911,Telford Aviation,TEL,United States,N,2002-12-25,"Off Manteo, North Carolina",Cessna 208B Caravan I,1.0,1.0
4933,Trigana Air Service,TGN,Indonesia,Y,1994-11-04,"Near Nabire, Indonesia",de Havilland Canada DHC-6 Twin Otter 100,4.0,4.0
4933,Trigana Air Service,TGN,Indonesia,Y,2002-05-25,"Near Nabire, Indonesia",de Havilland Canada DHC-6 Twin Otter 300,6.0,6.0
4933,Trigana Air Service,TGN,Indonesia,Y,2006-11-17,"Puncak Jaya, Indonesia",de Havilland Canada DHC-6 Twin Otter 300,12.0,12.0
4934,Titan Airways,AWC,United Kingdom,N,1993-01-13,"Sellafield, England",Embraer 110P1 Bandeirante,2.0,2.0
4939,Trans Guyana Airways,TGY,Guyana,N,2000-05-03,"Kurupung, Guyana",Britten-Norman BN-2A-9 Islander,1.0,1.0
4939,Trans Guyana Airways,TGY,Guyana,N,2003-11-08,"Near Ogle, Guyana",Shorts SC-7 Skyvan 3M Variant 100,7.0,2.0
4940,Thai Airways International,THA,Thailand,Y,1980-04-27,"Don Muang, Thailand",Hawker Siddeley HS-748-2,53.0,44.0
4940,Thai Airways International,THA,Thailand,Y,1985-04-15,"Near Phuket, Thailand",Boeing B-737-200,11.0,11.0
4940,Thai Airways International,THA,Thailand,Y,1987-08-31,"Off Ko Phuket, Thiland",Boeing B-737-2P5,83.0,83.0
4940,Thai Airways International,THA,Thailand,Y,1992-07-31,"Near Kathmandu, Nepal",Airbus A310-304,113.0,113.0
4940,Thai Airways International,THA,Thailand,Y,1998-12-11,"Near Surat Thani, Thailand",Airbus A-310-204,146.0,102.0
4940,Thai Airways International,THA,Thailand,Y,2001-03-03,"Bangkok, Thailand",Boeing B-737-4D7,5.0,1.0
4941,Tar Heel Aviation,THC,United States,N,1997-01-02,"Edenton, North Carolina",Cessna 208B Grand Caravan,2.0,2.0
4951,Turkish Airlines,THY,Turkey,Y,2009-02-25,"Amsterdam, Netherlands",Boeing 737-8F2,134.0,9.0
4953,Trans International Airlines,TIA,United States,N,1970-09-08,"New York, New York",McDonnell Douglas DC-8-63CF,11.0,11.0
4957,Tajikistan International Airlines,TIL,Tajikistan,Y,1993-06-17,"Near Tbilisi, Georgia",Antonov AN-26,40.0,40.0
4957,Tajikistan International Airlines,TIL,Tajikistan,Y,1993-08-28,"Khorag, Tajikistan",Yakovlev YAK-40,86.0,82.0
4957,Tajikistan International Airlines,TIL,Tajikistan,Y,1997-12-16,"Sharjah, United Arab Emirates",Tupolev TU-154,86.0,85.0
4986,Tomahawk Airways,TMK,United States,N,1980-03-24,"Deer Lake, Canada",Cessna 402,9.0,6.0
5023,Transportes Aereos Pegaso,TPG,Mexico,N,1994-11-01,"Off Cozumel, Mexico",Bell 212,14.0,14.0
5069,Trans Service Airlift,TSR,Democratic Republic of Congo,N,1993-01-27,"Kinshasa, DemocratiRepubliCongo",Nord 262A-44,21.0,3.0
5069,Trans Service Airlift,TSR,Democratic Republic of Congo,N,1995-12-18,"Kahengula, Angola",Lockheed L-188C Electra,144.0,141.0
5085,Tuninter,TUI,Tunisia,Y,2005-08-06,"Off Palermo, Italy",ATR-72-202,39.0,16.0
5093,Tiramavia,TVI,Moldova,N,2002-02-15,"Monrovia, Liberia",Antonov 12BP,10.0,1.0
5098,Trans World Airlines,TWA,United States,N,1973-08-28,"Thirty-five miles west of Los Angeles, California",Boeing B-707-331B,149.0,1.0
5098,Trans World Airlines,TWA,United States,N,1974-09-08,"Ionian Sea , off Kefallinia, Greece",Boeing B-707-331B,88.0,88.0
5098,Trans World Airlines,TWA,United States,N,1974-12-01,"Near Berryville, Virginia",Boeing B-727-231,92.0,92.0
5098,Trans World Airlines,TWA,United States,N,1985-06-14,"Athens, Greece",Boeing B-727-231,153.0,1.0
5098,Trans World Airlines,TWA,United States,N,1986-04-02,"Near Athens, Greece",Boeing B-727,121.0,4.0
5098,Trans World Airlines,TWA,United States,N,1992-07-30,"JFK Airport, New York, New York",Lockheed L-1011,292.0,0.0
5098,Trans World Airlines,TWA,United States,N,1996-07-17,"Off East Moriches, New York",Boeing B-747-131,230.0,230.0
5128,Tashkent Aircraft Production Corporation,CTP,Uzbekistan,N,1999-12-05,"Moscow, Russia",Ilyushin 114T,7.0,5.0
5133,TAAG Angola Airlines,DTA,Angola,Y,1981-05-16,"Near Menongue, Angola",Lockheed L-100-20 Hercules,4.0,4.0
5133,TAAG Angola Airlines,DTA,Angola,Y,1982-11-29,"Lubango, Angola",Antonov AN-26,15.0,15.0
5133,TAAG Angola Airlines,DTA,Angola,Y,1983-11-08,"Lubango, Huila, Angola",Boeing B-737-200,130.0,130.0
5133,TAAG Angola Airlines,DTA,Angola,Y,1997-04-14,"Brazzaville, DemocratiRepubliCongo",Fokker F-27 Friendship 600,7.0,3.0
5133,TAAG Angola Airlines,DTA,Angola,Y,2007-06-28,"M'Banza Congo, Angola",Boeing 737-2M2,78.0,5.0
5134,Tassili Airlines,DTH,Algeria,N,2004-01-28,"Ghardaa, Algeria",Beechcraft 1900D,5.0,1.0
5179,Tarom,ROT,Romania,Y,1970-02-04,"Apuseni mountains, Romania",Antonov AN-24V,22.0,21.0
5179,Tarom,ROT,Romania,Y,1970-12-07,"Near Constanta, Romania",BAC One-Eleven  424EU,27.0,18.0
5179,Tarom,ROT,Romania,Y,1974-12-29,"Carpathian Mts., near Sibiu, Romania",Antonov AN-24RV,33.0,33.0
5179,Tarom,ROT,Romania,Y,1976-03-01,"Sibiu, Romania",Ilyushin II-14P,9.0,6.0
5179,Tarom,ROT,Romania,Y,1980-08-07,"Nouadhibou, Mauretania",Tupolev TU-154B-1,168.0,1.0
5179,Tarom,ROT,Romania,Y,1982-01-25,"Constanta, Romania",Antonov An-24RV,7.0,7.0
5179,Tarom,ROT,Romania,Y,1989-02-09,"Bucharest, Romania",Tupolev 154B,5.0,5.0
5179,Tarom,ROT,Romania,Y,1989-12-28,"Near Visina, Romania",Antonov An-24RV,7.0,7.0
5179,Tarom,ROT,Romania,Y,1991-08-14,"Near Uricani, Romania",Ilyushin IL-18V,9.0,9.0
5193,Transaven,VEN,Venezuela,N,2008-01-04,"Los Roques, Venezuela",Let 410 UVP-E3,18.0,18.0
5209,United Airlines,UAL,United States,Y,1972-12-08,"Chicago, Midway Airport, Illinois",Boeing B-737-222,61.0,43.0
5209,United Airlines,UAL,United States,Y,1977-12-18,"Near Salt Lake City, Utah",Douglas DC-8-54F,3.0,3.0
5209,United Airlines,UAL,United States,Y,1978-12-28,"Portland, Oregon",McDonnell Douglas DC-8-61,189.0,10.0
5209,United Airlines,UAL,United States,Y,1983-01-11,"Detroit, Michigan",McDonnell Douglas DC-8-54F37,3.0,3.0
5209,United Airlines,UAL,United States,Y,1989-02-24,"Honolulu, Hawaii",Boeing B-747-122,356.0,9.0
5209,United Airlines,UAL,United States,Y,1989-07-19,"Sioux City, Iowa",McDonnell Douglas DC-10-10,298.0,112.0
5209,United Airlines,UAL,United States,Y,1991-03-03,"Near Colorado Springs, Colorado",Boeing B-737-291,25.0,25.0
5209,United Airlines,UAL,United States,Y,1997-12-28,Over the PacifiOcean,Boeing B-747-122,393.0,1.0
5209,United Airlines,UAL,United States,Y,2001-09-11,"Shanksville, Pennsylvania",Boeing B-757-222,44.0,44.0
5209,United Airlines,UAL,United States,Y,2001-09-11,"New York City, New York",Boeing B-767-222,65.0,65.0
5227,USA Jet Airlines,JUS,United States,N,2008-07-06,"Saltillo, Mexico",Douglas DC9-15F,2.0,1.0
5231,Universal Airlines,PNA,United States,N,1989-07-27,"Off Ullung Do, South Korea",Sikorsky S-58T,19.0,13.0
5277,Universal Airlines,UVG,Guyana,N,1989-07-27,"Off Ullung Do, South Korea",Sikorsky S-58T,19.0,13.0
5283,Universal Airlines,WEC,United States,N,1989-07-27,"Off Ullung Do, South Korea",Sikorsky S-58T,19.0,13.0
5243,Uganda Airlines,UGA,Uganda,N,1988-10-17,"Rome, Italy",Boeing B-707-338C,52.0,33.0
5248,Universal Jet Aviation,UJT,United States,N,2000-06-23,"Boca Raton, Florida",Learjet 55,3.0,3.0
5248,Universal Jet Aviation,UJT,United States,N,2001-11-22,"Pittsburgh, Pennsylvania",Learjet 25B,2.0,2.0
5258,Union Flights,UNF,United States,N,1995-03-22,"Reno, Nevada",Cessna 208B Caravan I Super Cargomaster,1.0,1.0
5265,US Airways,USA,United States,Y,2009-01-15,"New York, New York",Airbus A320-214,155.0,0.0
5276,Universal Airways,UVA,United States,N,1979-03-01,"Gulfport, Mississippi",Beech BE-70,8.0,8.0
5281,Uzbekistan Airways,UZB,Uzbekistan,Y,1999-08-26,"Turtkul, Uzbekistan",Yakovlev YAK-40,33.0,2.0
5281,Uzbekistan Airways,UZB,Uzbekistan,Y,2004-01-13,"Tashkent, Uzbekistan",Yakovlev YAK-40,37.0,37.0
5309,Vietnam Airlines,HVN,Vietnam,Y,1992-11-14,"Near Nha Trang, Vietnam",Yakovlev YAK-40,31.0,30.0
5309,Vietnam Airlines,HVN,Vietnam,Y,1997-09-03,"Phnom Penh, Cambodia",Tupolev TU-134,66.0,65.0
5326,Volga-Dnepr Airlines,VDA,Russia,Y,1992-07-24,"Near Skopje, Macedonia",Antonov 12BK,8.0,8.0
5332,Vieques Air Link,VES,United States,N,1977-12-19,"Vieques, Puerto Rico",Britten-Norman BN-2A Islander,10.0,5.0
5332,Vieques Air Link,VES,United States,N,1984-08-02,"Vieques, Puerto Rico",Britten-Norman BN-2A Islander,9.0,9.0
5373,VASP,VSP,Brazil,Y,1972-04-12,"Near Rio de Janeiro, Brazil",NAMC YS-11A-211,25.0,25.0
5373,VASP,VSP,Brazil,Y,1973-10-23,"Guanabara Bay, Brazil",NAMC YS-11A-211,65.0,8.0
5373,VASP,VSP,Brazil,Y,1975-02-27,"Near Sao Paulo, Brazil",Embraer 110C Bandeirante,15.0,15.0
5373,VASP,VSP,Brazil,Y,1982-05-25,"Brazilia, Brazil",Boeing B-737-200,118.0,2.0
5373,VASP,VSP,Brazil,Y,1982-06-08,"Near Pacatuba, Brazil",Boeing B-727-212A,137.0,137.0
5373,VASP,VSP,Brazil,Y,1986-01-28,"Sao Paulo, Brazil",Boeing B-737-2A1,72.0,1.0
5373,VASP,VSP,Brazil,Y,1992-06-22,"Cruzeiro do Sul, Brazil",Boeing 737-2A1C,3.0,3.0
5396,Wasaya Airways,WSG,Canada,N,2003-09-11,"Near Summer Beaver, Canada",Cessna 208B Grand Caravan,8.0,8.0
5409,West Caribbean Airways,WCW,Colombia,N,2005-03-26,"El Embrujo, Providencia Island, Colombia",Let-410UVP-E,14.0,8.0
5409,West Caribbean Airways,WCW,Colombia,N,2005-08-16,"Near La Cucharita, Venezuela",McDonnell Douglas MD-82,160.0,160.0
5411,West Coast Air,,Canada,Y,1979-09-30,"Porpoise Bay, British Columbia Canada",de Havilland Canada DHC-6 Twin Otter 200,16.0,2.0
5424,Western Airlines,WAL,United States,Y,1971-03-31,"Ontario, California",Boeing B-720-047B,5.0,5.0
5424,Western Airlines,WAL,United States,Y,1979-10-31,"Mexico City, Mexico",McDonnell Douglas DC-10-10,88.0,72.0
5438,Whyalla Airlines,WWL,Australia,N,2000-05-31,"Off Whyalla, Australia",Piper PA-31-350 Navajo,8.0,8.0
5440,Wiggins Airways,WIG,United States,N,1990-01-29,"Plattsburg, New York",Cessna 208B Caravan I Super Cargomaster,1.0,1.0
5440,Wiggins Airways,WIG,United States,N,2008-06-18,"Hyannis, Massachusetts",de Havilland Canada DHC-6 Twin Otter 100,1.0,1.0
5445,Wimbi Dira Airways,WDA,Democratic Republic of Congo,N,2005-10-04,"Aru, DemocratiRepubliCogo",Antonov 12V,100.0,2.0
5465,World Airways,WOA,United States,Y,1973-09-08,"King Cove, Alaska",McDonnell Douglas DC-8-63F,6.0,6.0
5465,World Airways,WOA,United States,Y,1982-01-23,"Logan Airport,  Boston, Massachusett",McDonnell Douglas DC-10-30CF,212.0,2.0
5474,Wuhan Airlines,CWU,China,N,1992-10-08,"Near Dingxi, China",Avia 14M-40,35.0,14.0
5474,Wuhan Airlines,CWU,China,N,2000-06-22,"Shitai, China",Xian Yunshuji Y-7-100C,44.0,44.0
5511,Zantop International Airlines,ZAN,United States,N,1984-05-30,"Chalkhill, Pennsylvania",Lockheed L-188AF Electra,4.0,4.0
6183,Braathens,BRA,Norway,N,1972-12-23,"Skaugum, Norway",Fokker F-28 Fellowship 1000,45.0,40.0
6860,Dan-Air London,DAN,United Kingdom,N,1970-07-03,"Near Arbucias, Gerona, Spain",de Havilland Comet 4,112.0,112.0
6860,Dan-Air London,DAN,United Kingdom,N,1979-07-31,"Off Sumburgh, Shetlands, England",Hawker Siddeley HS-748-1,47.0,17.0
6860,Dan-Air London,DAN,United Kingdom,N,1980-04-25,"Tenerife, Canary Islands",Boeing B-727-64,146.0,146.0
6860,Dan-Air London,DAN,United Kingdom,N,1981-06-26,"Nailstone, England",Hawker Siddeley HS-748,3.0,3.0
8463,United Airways,UBD,Bangladesh,Y,1988-04-12,"Near Hennenman, South Africa",Douglas DC-3C,24.0,24.0
9082,Uni Air,UIA,Taiwan,Y,1999-08-24,"Hualian, Taiwan",McDonnell Douglas MD-90-30,96.0,1.0
9808,Minerva Airlines,\N,Italy,N,1999-02-25,"Genoa, Italy",Dornier 328-110,31.0,4.0
10929,TAN,\N,Argentina,N,1973-01-27,"Near Tegucigalpa, Honduras",Douglas DC-6A,3.0,3.0
10929,TAN,\N,Argentina,N,1989-10-21,"Near Tegucigalpa, Honduras",Boeing B-727-224,146.0,127.0
18140,Spantax S.A.,BXS,Spain,N,1970-01-05,"Stockholm, Sweden",Convair CV-990-30A-5,10.0,5.0
18140,Spantax S.A.,BXS,Spain,N,1972-09-30,"Madrid, Spain",Douglas C-47B,6.0,1.0
18140,Spantax S.A.,BXS,Spain,N,1972-12-03,"Tenerife,  Canary Islands",Convair CV-990-30A-5 Coronado,155.0,155.0
18140,Spantax S.A.,BXS,Spain,N,1980-08-13,"Sa Cabaneta, Spain",Learjet 35A,4.0,4.0
18140,Spantax S.A.,BXS,Spain,N,1982-09-13,"Near Malaga, Spain",McDonnell Douglas DC-10-30CF,394.0,50.0
18762,Lina Congo,\N,Congo (Brazzaville),N,1992-03-12,"Etsouali, Congo",de Havilland Canada DHC-6 Twin Otter 300,8.0,3.0
